ISO-10303-21;
HEADER;
FILE_DESCRIPTION(('KiCad electronic assembly'),'2;1');
FILE_NAME('Digital_Board_Rev3.step','2025-04-25T19:44:53',('Pcbnew'),(
    'Kicad'),'Open CASCADE STEP processor 7.8','KiCad to STEP converter'
  ,'Unknown');
FILE_SCHEMA(('AUTOMOTIVE_DESIGN { 1 0 10303 214 1 1 1 1 }'));
ENDSEC;
DATA;
#1 = APPLICATION_PROTOCOL_DEFINITION('international standard',
  'automotive_design',2000,#2);
#2 = APPLICATION_CONTEXT(
  'core data for automotive mechanical design processes');
#3 = SHAPE_DEFINITION_REPRESENTATION(#4,#10);
#4 = PRODUCT_DEFINITION_SHAPE('','',#5);
#5 = PRODUCT_DEFINITION('design','',#6,#9);
#6 = PRODUCT_DEFINITION_FORMATION('','',#7);
#7 = PRODUCT('Digital_Board_Rev3 1','Digital_Board_Rev3 1','',(#8));
#8 = PRODUCT_CONTEXT('',#2,'mechanical');
#9 = PRODUCT_DEFINITION_CONTEXT('part definition',#2,'design');
#10 = SHAPE_REPRESENTATION('',(#11,#15),#19);
#11 = AXIS2_PLACEMENT_3D('',#12,#13,#14);
#12 = CARTESIAN_POINT('',(0.,0.,0.));
#13 = DIRECTION('',(0.,0.,1.));
#14 = DIRECTION('',(1.,0.,-0.));
#15 = AXIS2_PLACEMENT_3D('',#16,#17,#18);
#16 = CARTESIAN_POINT('',(0.,0.,0.));
#17 = DIRECTION('',(0.,0.,1.));
#18 = DIRECTION('',(1.,0.,-0.));
#19 = ( GEOMETRIC_REPRESENTATION_CONTEXT(3) 
GLOBAL_UNCERTAINTY_ASSIGNED_CONTEXT((#23)) GLOBAL_UNIT_ASSIGNED_CONTEXT(
(#20,#21,#22)) REPRESENTATION_CONTEXT('Context #1',
  '3D Context with UNIT and UNCERTAINTY') );
#20 = ( LENGTH_UNIT() NAMED_UNIT(*) SI_UNIT(.MILLI.,.METRE.) );
#21 = ( NAMED_UNIT(*) PLANE_ANGLE_UNIT() SI_UNIT($,.RADIAN.) );
#22 = ( NAMED_UNIT(*) SI_UNIT($,.STERADIAN.) SOLID_ANGLE_UNIT() );
#23 = UNCERTAINTY_MEASURE_WITH_UNIT(LENGTH_MEASURE(1.E-07),#20,
  'distance_accuracy_value','confusion accuracy');
#24 = PRODUCT_RELATED_PRODUCT_CATEGORY('part',$,(#7));
#25 = SHAPE_DEFINITION_REPRESENTATION(#26,#32);
#26 = PRODUCT_DEFINITION_SHAPE('','',#27);
#27 = PRODUCT_DEFINITION('design','',#28,#31);
#28 = PRODUCT_DEFINITION_FORMATION('','',#29);
#29 = PRODUCT('Digital_Board_Rev3_PCB','Digital_Board_Rev3_PCB','',(#30)
  );
#30 = PRODUCT_CONTEXT('',#2,'mechanical');
#31 = PRODUCT_DEFINITION_CONTEXT('part definition',#2,'design');
#32 = ADVANCED_BREP_SHAPE_REPRESENTATION('',(#11,#33),#2957);
#33 = MANIFOLD_SOLID_BREP('',#34);
#34 = CLOSED_SHELL('',(#35,#75,#106,#137,#912,#1687,#1704,#1721,#1738,
    #1755,#1772,#1789,#1806,#1823,#1840,#1857,#1874,#1891,#1903,#1920,
    #1937,#1954,#1971,#1988,#2005,#2022,#2039,#2056,#2078,#2095,#2112,
    #2124,#2141,#2158,#2175,#2192,#2209,#2226,#2248,#2265,#2282,#2294,
    #2316,#2333,#2350,#2362,#2379,#2396,#2413,#2430,#2447,#2464,#2481,
    #2498,#2515,#2532,#2549,#2566,#2583,#2600,#2617,#2634,#2651,#2668,
    #2685,#2702,#2719,#2736,#2753,#2770,#2787,#2804,#2821,#2838,#2855,
    #2872,#2889,#2906,#2923,#2940));
#35 = ADVANCED_FACE('',(#36),#70,.T.);
#36 = FACE_BOUND('',#37,.T.);
#37 = EDGE_LOOP('',(#38,#48,#56,#64));
#38 = ORIENTED_EDGE('',*,*,#39,.T.);
#39 = EDGE_CURVE('',#40,#42,#44,.T.);
#40 = VERTEX_POINT('',#41);
#41 = CARTESIAN_POINT('',(103.5,-56.5,0.));
#42 = VERTEX_POINT('',#43);
#43 = CARTESIAN_POINT('',(103.5,-56.5,1.51));
#44 = LINE('',#45,#46);
#45 = CARTESIAN_POINT('',(103.5,-56.5,0.));
#46 = VECTOR('',#47,1.);
#47 = DIRECTION('',(0.,0.,1.));
#48 = ORIENTED_EDGE('',*,*,#49,.T.);
#49 = EDGE_CURVE('',#42,#50,#52,.T.);
#50 = VERTEX_POINT('',#51);
#51 = CARTESIAN_POINT('',(109.5,-56.5,1.51));
#52 = LINE('',#53,#54);
#53 = CARTESIAN_POINT('',(103.5,-56.5,1.51));
#54 = VECTOR('',#55,1.);
#55 = DIRECTION('',(1.,0.,0.));
#56 = ORIENTED_EDGE('',*,*,#57,.F.);
#57 = EDGE_CURVE('',#58,#50,#60,.T.);
#58 = VERTEX_POINT('',#59);
#59 = CARTESIAN_POINT('',(109.5,-56.5,0.));
#60 = LINE('',#61,#62);
#61 = CARTESIAN_POINT('',(109.5,-56.5,0.));
#62 = VECTOR('',#63,1.);
#63 = DIRECTION('',(0.,0.,1.));
#64 = ORIENTED_EDGE('',*,*,#65,.F.);
#65 = EDGE_CURVE('',#40,#58,#66,.T.);
#66 = LINE('',#67,#68);
#67 = CARTESIAN_POINT('',(103.5,-56.5,0.));
#68 = VECTOR('',#69,1.);
#69 = DIRECTION('',(1.,0.,0.));
#70 = PLANE('',#71);
#71 = AXIS2_PLACEMENT_3D('',#72,#73,#74);
#72 = CARTESIAN_POINT('',(103.5,-56.5,0.));
#73 = DIRECTION('',(0.,1.,0.));
#74 = DIRECTION('',(1.,0.,0.));
#75 = ADVANCED_FACE('',(#76),#101,.T.);
#76 = FACE_BOUND('',#77,.T.);
#77 = EDGE_LOOP('',(#78,#88,#94,#95));
#78 = ORIENTED_EDGE('',*,*,#79,.T.);
#79 = EDGE_CURVE('',#80,#82,#84,.T.);
#80 = VERTEX_POINT('',#81);
#81 = CARTESIAN_POINT('',(103.5,-50.5,0.));
#82 = VERTEX_POINT('',#83);
#83 = CARTESIAN_POINT('',(103.5,-50.5,1.51));
#84 = LINE('',#85,#86);
#85 = CARTESIAN_POINT('',(103.5,-50.5,0.));
#86 = VECTOR('',#87,1.);
#87 = DIRECTION('',(0.,0.,1.));
#88 = ORIENTED_EDGE('',*,*,#89,.T.);
#89 = EDGE_CURVE('',#82,#42,#90,.T.);
#90 = LINE('',#91,#92);
#91 = CARTESIAN_POINT('',(103.5,-50.5,1.51));
#92 = VECTOR('',#93,1.);
#93 = DIRECTION('',(0.,-1.,0.));
#94 = ORIENTED_EDGE('',*,*,#39,.F.);
#95 = ORIENTED_EDGE('',*,*,#96,.F.);
#96 = EDGE_CURVE('',#80,#40,#97,.T.);
#97 = LINE('',#98,#99);
#98 = CARTESIAN_POINT('',(103.5,-50.5,0.));
#99 = VECTOR('',#100,1.);
#100 = DIRECTION('',(0.,-1.,0.));
#101 = PLANE('',#102);
#102 = AXIS2_PLACEMENT_3D('',#103,#104,#105);
#103 = CARTESIAN_POINT('',(103.5,-50.5,0.));
#104 = DIRECTION('',(1.,0.,-0.));
#105 = DIRECTION('',(0.,-1.,0.));
#106 = ADVANCED_FACE('',(#107),#132,.T.);
#107 = FACE_BOUND('',#108,.T.);
#108 = EDGE_LOOP('',(#109,#110,#118,#126));
#109 = ORIENTED_EDGE('',*,*,#57,.T.);
#110 = ORIENTED_EDGE('',*,*,#111,.T.);
#111 = EDGE_CURVE('',#50,#112,#114,.T.);
#112 = VERTEX_POINT('',#113);
#113 = CARTESIAN_POINT('',(109.5,-145.25,1.51));
#114 = LINE('',#115,#116);
#115 = CARTESIAN_POINT('',(109.5,-56.5,1.51));
#116 = VECTOR('',#117,1.);
#117 = DIRECTION('',(0.,-1.,0.));
#118 = ORIENTED_EDGE('',*,*,#119,.F.);
#119 = EDGE_CURVE('',#120,#112,#122,.T.);
#120 = VERTEX_POINT('',#121);
#121 = CARTESIAN_POINT('',(109.5,-145.25,0.));
#122 = LINE('',#123,#124);
#123 = CARTESIAN_POINT('',(109.5,-145.25,0.));
#124 = VECTOR('',#125,1.);
#125 = DIRECTION('',(0.,0.,1.));
#126 = ORIENTED_EDGE('',*,*,#127,.F.);
#127 = EDGE_CURVE('',#58,#120,#128,.T.);
#128 = LINE('',#129,#130);
#129 = CARTESIAN_POINT('',(109.5,-56.5,0.));
#130 = VECTOR('',#131,1.);
#131 = DIRECTION('',(0.,-1.,0.));
#132 = PLANE('',#133);
#133 = AXIS2_PLACEMENT_3D('',#134,#135,#136);
#134 = CARTESIAN_POINT('',(109.5,-56.5,0.));
#135 = DIRECTION('',(1.,0.,-0.));
#136 = DIRECTION('',(0.,-1.,0.));
#137 = ADVANCED_FACE('',(#138,#249,#260,#271,#282,#293,#304,#315,#326,
    #337,#348,#384,#395,#406,#417,#428,#439,#450,#486,#522,#533,#544,
    #555,#566,#577,#588,#599,#610,#621,#632,#643,#654,#665,#676,#687,
    #698,#709,#720,#731,#742,#753,#764,#775,#786,#797,#808,#819,#830,
    #841,#852,#863,#874,#885,#896),#907,.F.);
#138 = FACE_BOUND('',#139,.F.);
#139 = EDGE_LOOP('',(#140,#141,#142,#150,#158,#166,#174,#182,#191,#199,
    #208,#216,#225,#233,#242,#248));
#140 = ORIENTED_EDGE('',*,*,#65,.F.);
#141 = ORIENTED_EDGE('',*,*,#96,.F.);
#142 = ORIENTED_EDGE('',*,*,#143,.F.);
#143 = EDGE_CURVE('',#144,#80,#146,.T.);
#144 = VERTEX_POINT('',#145);
#145 = CARTESIAN_POINT('',(56.5,-50.5,0.));
#146 = LINE('',#147,#148);
#147 = CARTESIAN_POINT('',(56.5,-50.5,0.));
#148 = VECTOR('',#149,1.);
#149 = DIRECTION('',(1.,0.,0.));
#150 = ORIENTED_EDGE('',*,*,#151,.F.);
#151 = EDGE_CURVE('',#152,#144,#154,.T.);
#152 = VERTEX_POINT('',#153);
#153 = CARTESIAN_POINT('',(56.5,-56.5,0.));
#154 = LINE('',#155,#156);
#155 = CARTESIAN_POINT('',(56.5,-56.5,0.));
#156 = VECTOR('',#157,1.);
#157 = DIRECTION('',(0.,1.,0.));
#158 = ORIENTED_EDGE('',*,*,#159,.F.);
#159 = EDGE_CURVE('',#160,#152,#162,.T.);
#160 = VERTEX_POINT('',#161);
#161 = CARTESIAN_POINT('',(50.5,-56.5,0.));
#162 = LINE('',#163,#164);
#163 = CARTESIAN_POINT('',(50.5,-56.5,0.));
#164 = VECTOR('',#165,1.);
#165 = DIRECTION('',(1.,0.,0.));
#166 = ORIENTED_EDGE('',*,*,#167,.F.);
#167 = EDGE_CURVE('',#168,#160,#170,.T.);
#168 = VERTEX_POINT('',#169);
#169 = CARTESIAN_POINT('',(50.5,-145.25,0.));
#170 = LINE('',#171,#172);
#171 = CARTESIAN_POINT('',(50.5,-145.25,0.));
#172 = VECTOR('',#173,1.);
#173 = DIRECTION('',(0.,1.,0.));
#174 = ORIENTED_EDGE('',*,*,#175,.F.);
#175 = EDGE_CURVE('',#176,#168,#178,.T.);
#176 = VERTEX_POINT('',#177);
#177 = CARTESIAN_POINT('',(60.280999999999,-145.25,0.));
#178 = LINE('',#179,#180);
#179 = CARTESIAN_POINT('',(109.5,-145.25,0.));
#180 = VECTOR('',#181,1.);
#181 = DIRECTION('',(-1.,0.,0.));
#182 = ORIENTED_EDGE('',*,*,#183,.T.);
#183 = EDGE_CURVE('',#176,#184,#186,.T.);
#184 = VERTEX_POINT('',#185);
#185 = CARTESIAN_POINT('',(61.181000000001,-145.25,0.));
#186 = CIRCLE('',#187,0.45);
#187 = AXIS2_PLACEMENT_3D('',#188,#189,#190);
#188 = CARTESIAN_POINT('',(60.731,-145.25,0.));
#189 = DIRECTION('',(-0.,0.,-1.));
#190 = DIRECTION('',(1.578983857245E-14,-1.,-0.));
#191 = ORIENTED_EDGE('',*,*,#192,.F.);
#192 = EDGE_CURVE('',#193,#184,#195,.T.);
#193 = VERTEX_POINT('',#194);
#194 = CARTESIAN_POINT('',(61.551000000008,-145.25,0.));
#195 = LINE('',#196,#197);
#196 = CARTESIAN_POINT('',(109.5,-145.25,0.));
#197 = VECTOR('',#198,1.);
#198 = DIRECTION('',(-1.,0.,0.));
#199 = ORIENTED_EDGE('',*,*,#200,.T.);
#200 = EDGE_CURVE('',#193,#201,#203,.T.);
#201 = VERTEX_POINT('',#202);
#202 = CARTESIAN_POINT('',(62.450999999992,-145.25,0.));
#203 = CIRCLE('',#204,0.45);
#204 = AXIS2_PLACEMENT_3D('',#205,#206,#207);
#205 = CARTESIAN_POINT('',(62.001,-145.25,0.));
#206 = DIRECTION('',(-0.,0.,-1.));
#207 = DIRECTION('',(-1.578983857245E-14,-1.,0.));
#208 = ORIENTED_EDGE('',*,*,#209,.F.);
#209 = EDGE_CURVE('',#210,#201,#212,.T.);
#210 = VERTEX_POINT('',#211);
#211 = CARTESIAN_POINT('',(62.821,-145.25,0.));
#212 = LINE('',#213,#214);
#213 = CARTESIAN_POINT('',(109.5,-145.25,0.));
#214 = VECTOR('',#215,1.);
#215 = DIRECTION('',(-1.,0.,0.));
#216 = ORIENTED_EDGE('',*,*,#217,.T.);
#217 = EDGE_CURVE('',#210,#218,#220,.T.);
#218 = VERTEX_POINT('',#219);
#219 = CARTESIAN_POINT('',(63.721,-145.25,0.));
#220 = CIRCLE('',#221,0.45);
#221 = AXIS2_PLACEMENT_3D('',#222,#223,#224);
#222 = CARTESIAN_POINT('',(63.271,-145.25,0.));
#223 = DIRECTION('',(-0.,0.,-1.));
#224 = DIRECTION('',(-0.,-1.,0.));
#225 = ORIENTED_EDGE('',*,*,#226,.F.);
#226 = EDGE_CURVE('',#227,#218,#229,.T.);
#227 = VERTEX_POINT('',#228);
#228 = CARTESIAN_POINT('',(64.090999999999,-145.25,0.));
#229 = LINE('',#230,#231);
#230 = CARTESIAN_POINT('',(109.5,-145.25,0.));
#231 = VECTOR('',#232,1.);
#232 = DIRECTION('',(-1.,0.,0.));
#233 = ORIENTED_EDGE('',*,*,#234,.T.);
#234 = EDGE_CURVE('',#227,#235,#237,.T.);
#235 = VERTEX_POINT('',#236);
#236 = CARTESIAN_POINT('',(64.991000000001,-145.25,0.));
#237 = CIRCLE('',#238,0.45);
#238 = AXIS2_PLACEMENT_3D('',#239,#240,#241);
#239 = CARTESIAN_POINT('',(64.541,-145.25,0.));
#240 = DIRECTION('',(-0.,0.,-1.));
#241 = DIRECTION('',(-0.,-1.,0.));
#242 = ORIENTED_EDGE('',*,*,#243,.F.);
#243 = EDGE_CURVE('',#120,#235,#244,.T.);
#244 = LINE('',#245,#246);
#245 = CARTESIAN_POINT('',(109.5,-145.25,0.));
#246 = VECTOR('',#247,1.);
#247 = DIRECTION('',(-1.,0.,0.));
#248 = ORIENTED_EDGE('',*,*,#127,.F.);
#249 = FACE_BOUND('',#250,.F.);
#250 = EDGE_LOOP('',(#251));
#251 = ORIENTED_EDGE('',*,*,#252,.T.);
#252 = EDGE_CURVE('',#253,#253,#255,.T.);
#253 = VERTEX_POINT('',#254);
#254 = CARTESIAN_POINT('',(75.7805,-145.052,0.));
#255 = CIRCLE('',#256,0.5);
#256 = AXIS2_PLACEMENT_3D('',#257,#258,#259);
#257 = CARTESIAN_POINT('',(75.7805,-144.552,0.));
#258 = DIRECTION('',(-0.,0.,-1.));
#259 = DIRECTION('',(-0.,-1.,0.));
#260 = FACE_BOUND('',#261,.F.);
#261 = EDGE_LOOP('',(#262));
#262 = ORIENTED_EDGE('',*,*,#263,.T.);
#263 = EDGE_CURVE('',#264,#264,#266,.T.);
#264 = VERTEX_POINT('',#265);
#265 = CARTESIAN_POINT('',(78.3205,-145.052,0.));
#266 = CIRCLE('',#267,0.5);
#267 = AXIS2_PLACEMENT_3D('',#268,#269,#270);
#268 = CARTESIAN_POINT('',(78.3205,-144.552,0.));
#269 = DIRECTION('',(-0.,0.,-1.));
#270 = DIRECTION('',(-0.,-1.,0.));
#271 = FACE_BOUND('',#272,.F.);
#272 = EDGE_LOOP('',(#273));
#273 = ORIENTED_EDGE('',*,*,#274,.T.);
#274 = EDGE_CURVE('',#275,#275,#277,.T.);
#275 = VERTEX_POINT('',#276);
#276 = CARTESIAN_POINT('',(56.5,-116.5695,0.));
#277 = CIRCLE('',#278,0.4445);
#278 = AXIS2_PLACEMENT_3D('',#279,#280,#281);
#279 = CARTESIAN_POINT('',(56.5,-116.125,0.));
#280 = DIRECTION('',(-0.,0.,-1.));
#281 = DIRECTION('',(-0.,-1.,0.));
#282 = FACE_BOUND('',#283,.F.);
#283 = EDGE_LOOP('',(#284));
#284 = ORIENTED_EDGE('',*,*,#285,.T.);
#285 = EDGE_CURVE('',#286,#286,#288,.T.);
#286 = VERTEX_POINT('',#287);
#287 = CARTESIAN_POINT('',(59.,-116.5695,0.));
#288 = CIRCLE('',#289,0.4445);
#289 = AXIS2_PLACEMENT_3D('',#290,#291,#292);
#290 = CARTESIAN_POINT('',(59.,-116.125,0.));
#291 = DIRECTION('',(-0.,0.,-1.));
#292 = DIRECTION('',(-0.,-1.,0.));
#293 = FACE_BOUND('',#294,.F.);
#294 = EDGE_LOOP('',(#295));
#295 = ORIENTED_EDGE('',*,*,#296,.T.);
#296 = EDGE_CURVE('',#297,#297,#299,.T.);
#297 = VERTEX_POINT('',#298);
#298 = CARTESIAN_POINT('',(61.5,-116.5695,0.));
#299 = CIRCLE('',#300,0.4445);
#300 = AXIS2_PLACEMENT_3D('',#301,#302,#303);
#301 = CARTESIAN_POINT('',(61.5,-116.125,0.));
#302 = DIRECTION('',(-0.,0.,-1.));
#303 = DIRECTION('',(-0.,-1.,0.));
#304 = FACE_BOUND('',#305,.F.);
#305 = EDGE_LOOP('',(#306));
#306 = ORIENTED_EDGE('',*,*,#307,.T.);
#307 = EDGE_CURVE('',#308,#308,#310,.T.);
#308 = VERTEX_POINT('',#309);
#309 = CARTESIAN_POINT('',(64.,-116.5695,0.));
#310 = CIRCLE('',#311,0.4445);
#311 = AXIS2_PLACEMENT_3D('',#312,#313,#314);
#312 = CARTESIAN_POINT('',(64.,-116.125,0.));
#313 = DIRECTION('',(-0.,0.,-1.));
#314 = DIRECTION('',(-0.,-1.,0.));
#315 = FACE_BOUND('',#316,.F.);
#316 = EDGE_LOOP('',(#317));
#317 = ORIENTED_EDGE('',*,*,#318,.T.);
#318 = EDGE_CURVE('',#319,#319,#321,.T.);
#319 = VERTEX_POINT('',#320);
#320 = CARTESIAN_POINT('',(53.5,-106.8783,0.));
#321 = CIRCLE('',#322,1.0033);
#322 = AXIS2_PLACEMENT_3D('',#323,#324,#325);
#323 = CARTESIAN_POINT('',(53.5,-105.875,0.));
#324 = DIRECTION('',(-0.,0.,-1.));
#325 = DIRECTION('',(-0.,-1.,0.));
#326 = FACE_BOUND('',#327,.F.);
#327 = EDGE_LOOP('',(#328));
#328 = ORIENTED_EDGE('',*,*,#329,.T.);
#329 = EDGE_CURVE('',#330,#330,#332,.T.);
#330 = VERTEX_POINT('',#331);
#331 = CARTESIAN_POINT('',(66.5,-116.5695,0.));
#332 = CIRCLE('',#333,0.4445);
#333 = AXIS2_PLACEMENT_3D('',#334,#335,#336);
#334 = CARTESIAN_POINT('',(66.5,-116.125,0.));
#335 = DIRECTION('',(-0.,0.,-1.));
#336 = DIRECTION('',(-0.,-1.,0.));
#337 = FACE_BOUND('',#338,.F.);
#338 = EDGE_LOOP('',(#339));
#339 = ORIENTED_EDGE('',*,*,#340,.T.);
#340 = EDGE_CURVE('',#341,#341,#343,.T.);
#341 = VERTEX_POINT('',#342);
#342 = CARTESIAN_POINT('',(69.5,-106.8783,0.));
#343 = CIRCLE('',#344,1.0033);
#344 = AXIS2_PLACEMENT_3D('',#345,#346,#347);
#345 = CARTESIAN_POINT('',(69.5,-105.875,0.));
#346 = DIRECTION('',(-0.,0.,-1.));
#347 = DIRECTION('',(-0.,-1.,0.));
#348 = FACE_BOUND('',#349,.F.);
#349 = EDGE_LOOP('',(#350,#361,#369,#378));
#350 = ORIENTED_EDGE('',*,*,#351,.T.);
#351 = EDGE_CURVE('',#352,#354,#356,.T.);
#352 = VERTEX_POINT('',#353);
#353 = CARTESIAN_POINT('',(75.8,-107.575,0.));
#354 = VERTEX_POINT('',#355);
#355 = CARTESIAN_POINT('',(74.8,-107.575,0.));
#356 = CIRCLE('',#357,0.5);
#357 = AXIS2_PLACEMENT_3D('',#358,#359,#360);
#358 = CARTESIAN_POINT('',(75.3,-107.575,0.));
#359 = DIRECTION('',(-0.,0.,-1.));
#360 = DIRECTION('',(-1.,0.,0.));
#361 = ORIENTED_EDGE('',*,*,#362,.T.);
#362 = EDGE_CURVE('',#354,#363,#365,.T.);
#363 = VERTEX_POINT('',#364);
#364 = CARTESIAN_POINT('',(74.8,-106.375,0.));
#365 = LINE('',#366,#367);
#366 = CARTESIAN_POINT('',(74.8,-53.1875,0.));
#367 = VECTOR('',#368,1.);
#368 = DIRECTION('',(-0.,1.,0.));
#369 = ORIENTED_EDGE('',*,*,#370,.T.);
#370 = EDGE_CURVE('',#363,#371,#373,.T.);
#371 = VERTEX_POINT('',#372);
#372 = CARTESIAN_POINT('',(75.8,-106.375,0.));
#373 = CIRCLE('',#374,0.5);
#374 = AXIS2_PLACEMENT_3D('',#375,#376,#377);
#375 = CARTESIAN_POINT('',(75.3,-106.375,0.));
#376 = DIRECTION('',(0.,-0.,-1.));
#377 = DIRECTION('',(1.,0.,-0.));
#378 = ORIENTED_EDGE('',*,*,#379,.T.);
#379 = EDGE_CURVE('',#371,#352,#380,.T.);
#380 = LINE('',#381,#382);
#381 = CARTESIAN_POINT('',(75.8,-53.7875,0.));
#382 = VECTOR('',#383,1.);
#383 = DIRECTION('',(0.,-1.,0.));
#384 = FACE_BOUND('',#385,.F.);
#385 = EDGE_LOOP('',(#386));
#386 = ORIENTED_EDGE('',*,*,#387,.T.);
#387 = EDGE_CURVE('',#388,#388,#390,.T.);
#388 = VERTEX_POINT('',#389);
#389 = CARTESIAN_POINT('',(81.305,-145.052,0.));
#390 = CIRCLE('',#391,0.5);
#391 = AXIS2_PLACEMENT_3D('',#392,#393,#394);
#392 = CARTESIAN_POINT('',(81.305,-144.552,0.));
#393 = DIRECTION('',(-0.,0.,-1.));
#394 = DIRECTION('',(-0.,-1.,0.));
#395 = FACE_BOUND('',#396,.F.);
#396 = EDGE_LOOP('',(#397));
#397 = ORIENTED_EDGE('',*,*,#398,.T.);
#398 = EDGE_CURVE('',#399,#399,#401,.T.);
#399 = VERTEX_POINT('',#400);
#400 = CARTESIAN_POINT('',(83.845,-145.052,0.));
#401 = CIRCLE('',#402,0.5);
#402 = AXIS2_PLACEMENT_3D('',#403,#404,#405);
#403 = CARTESIAN_POINT('',(83.845,-144.552,0.));
#404 = DIRECTION('',(-0.,0.,-1.));
#405 = DIRECTION('',(-0.,-1.,0.));
#406 = FACE_BOUND('',#407,.F.);
#407 = EDGE_LOOP('',(#408));
#408 = ORIENTED_EDGE('',*,*,#409,.T.);
#409 = EDGE_CURVE('',#410,#410,#412,.T.);
#410 = VERTEX_POINT('',#411);
#411 = CARTESIAN_POINT('',(88.21,-145.2,0.));
#412 = CIRCLE('',#413,0.45);
#413 = AXIS2_PLACEMENT_3D('',#414,#415,#416);
#414 = CARTESIAN_POINT('',(88.21,-144.75,0.));
#415 = DIRECTION('',(-0.,0.,-1.));
#416 = DIRECTION('',(-3.157967714489E-14,-1.,0.));
#417 = FACE_BOUND('',#418,.F.);
#418 = EDGE_LOOP('',(#419));
#419 = ORIENTED_EDGE('',*,*,#420,.T.);
#420 = EDGE_CURVE('',#421,#421,#423,.T.);
#421 = VERTEX_POINT('',#422);
#422 = CARTESIAN_POINT('',(89.48,-145.2,0.));
#423 = CIRCLE('',#424,0.45);
#424 = AXIS2_PLACEMENT_3D('',#425,#426,#427);
#425 = CARTESIAN_POINT('',(89.48,-144.75,0.));
#426 = DIRECTION('',(-0.,0.,-1.));
#427 = DIRECTION('',(-0.,-1.,0.));
#428 = FACE_BOUND('',#429,.F.);
#429 = EDGE_LOOP('',(#430));
#430 = ORIENTED_EDGE('',*,*,#431,.T.);
#431 = EDGE_CURVE('',#432,#432,#434,.T.);
#432 = VERTEX_POINT('',#433);
#433 = CARTESIAN_POINT('',(90.75,-145.2,0.));
#434 = CIRCLE('',#435,0.45);
#435 = AXIS2_PLACEMENT_3D('',#436,#437,#438);
#436 = CARTESIAN_POINT('',(90.75,-144.75,0.));
#437 = DIRECTION('',(-0.,0.,-1.));
#438 = DIRECTION('',(-0.,-1.,0.));
#439 = FACE_BOUND('',#440,.F.);
#440 = EDGE_LOOP('',(#441));
#441 = ORIENTED_EDGE('',*,*,#442,.T.);
#442 = EDGE_CURVE('',#443,#443,#445,.T.);
#443 = VERTEX_POINT('',#444);
#444 = CARTESIAN_POINT('',(92.02,-145.2,0.));
#445 = CIRCLE('',#446,0.45);
#446 = AXIS2_PLACEMENT_3D('',#447,#448,#449);
#447 = CARTESIAN_POINT('',(92.02,-144.75,0.));
#448 = DIRECTION('',(-0.,0.,-1.));
#449 = DIRECTION('',(-0.,-1.,0.));
#450 = FACE_BOUND('',#451,.F.);
#451 = EDGE_LOOP('',(#452,#463,#471,#480));
#452 = ORIENTED_EDGE('',*,*,#453,.T.);
#453 = EDGE_CURVE('',#454,#456,#458,.T.);
#454 = VERTEX_POINT('',#455);
#455 = CARTESIAN_POINT('',(80.5,-107.575,0.));
#456 = VERTEX_POINT('',#457);
#457 = CARTESIAN_POINT('',(79.5,-107.575,0.));
#458 = CIRCLE('',#459,0.5);
#459 = AXIS2_PLACEMENT_3D('',#460,#461,#462);
#460 = CARTESIAN_POINT('',(80.,-107.575,0.));
#461 = DIRECTION('',(-0.,0.,-1.));
#462 = DIRECTION('',(-1.,0.,0.));
#463 = ORIENTED_EDGE('',*,*,#464,.T.);
#464 = EDGE_CURVE('',#456,#465,#467,.T.);
#465 = VERTEX_POINT('',#466);
#466 = CARTESIAN_POINT('',(79.5,-106.375,0.));
#467 = LINE('',#468,#469);
#468 = CARTESIAN_POINT('',(79.5,-53.1875,0.));
#469 = VECTOR('',#470,1.);
#470 = DIRECTION('',(-0.,1.,0.));
#471 = ORIENTED_EDGE('',*,*,#472,.T.);
#472 = EDGE_CURVE('',#465,#473,#475,.T.);
#473 = VERTEX_POINT('',#474);
#474 = CARTESIAN_POINT('',(80.5,-106.375,0.));
#475 = CIRCLE('',#476,0.5);
#476 = AXIS2_PLACEMENT_3D('',#477,#478,#479);
#477 = CARTESIAN_POINT('',(80.,-106.375,0.));
#478 = DIRECTION('',(0.,-0.,-1.));
#479 = DIRECTION('',(1.,0.,-0.));
#480 = ORIENTED_EDGE('',*,*,#481,.T.);
#481 = EDGE_CURVE('',#473,#454,#482,.T.);
#482 = LINE('',#483,#484);
#483 = CARTESIAN_POINT('',(80.5,-53.7875,0.));
#484 = VECTOR('',#485,1.);
#485 = DIRECTION('',(0.,-1.,0.));
#486 = FACE_BOUND('',#487,.F.);
#487 = EDGE_LOOP('',(#488,#499,#507,#516));
#488 = ORIENTED_EDGE('',*,*,#489,.T.);
#489 = EDGE_CURVE('',#490,#492,#494,.T.);
#490 = VERTEX_POINT('',#491);
#491 = CARTESIAN_POINT('',(85.2,-107.575,0.));
#492 = VERTEX_POINT('',#493);
#493 = CARTESIAN_POINT('',(84.2,-107.575,0.));
#494 = CIRCLE('',#495,0.5);
#495 = AXIS2_PLACEMENT_3D('',#496,#497,#498);
#496 = CARTESIAN_POINT('',(84.7,-107.575,0.));
#497 = DIRECTION('',(-0.,0.,-1.));
#498 = DIRECTION('',(-1.,0.,0.));
#499 = ORIENTED_EDGE('',*,*,#500,.T.);
#500 = EDGE_CURVE('',#492,#501,#503,.T.);
#501 = VERTEX_POINT('',#502);
#502 = CARTESIAN_POINT('',(84.2,-106.375,0.));
#503 = LINE('',#504,#505);
#504 = CARTESIAN_POINT('',(84.2,-53.1875,0.));
#505 = VECTOR('',#506,1.);
#506 = DIRECTION('',(-0.,1.,0.));
#507 = ORIENTED_EDGE('',*,*,#508,.T.);
#508 = EDGE_CURVE('',#501,#509,#511,.T.);
#509 = VERTEX_POINT('',#510);
#510 = CARTESIAN_POINT('',(85.2,-106.375,0.));
#511 = CIRCLE('',#512,0.5);
#512 = AXIS2_PLACEMENT_3D('',#513,#514,#515);
#513 = CARTESIAN_POINT('',(84.7,-106.375,0.));
#514 = DIRECTION('',(0.,-0.,-1.));
#515 = DIRECTION('',(1.,0.,-0.));
#516 = ORIENTED_EDGE('',*,*,#517,.T.);
#517 = EDGE_CURVE('',#509,#490,#518,.T.);
#518 = LINE('',#519,#520);
#519 = CARTESIAN_POINT('',(85.2,-53.7875,0.));
#520 = VECTOR('',#521,1.);
#521 = DIRECTION('',(0.,-1.,0.));
#522 = FACE_BOUND('',#523,.F.);
#523 = EDGE_LOOP('',(#524));
#524 = ORIENTED_EDGE('',*,*,#525,.T.);
#525 = EDGE_CURVE('',#526,#526,#528,.T.);
#526 = VERTEX_POINT('',#527);
#527 = CARTESIAN_POINT('',(56.5,-98.2695,0.));
#528 = CIRCLE('',#529,0.4445);
#529 = AXIS2_PLACEMENT_3D('',#530,#531,#532);
#530 = CARTESIAN_POINT('',(56.5,-97.825,0.));
#531 = DIRECTION('',(-0.,0.,-1.));
#532 = DIRECTION('',(-0.,-1.,0.));
#533 = FACE_BOUND('',#534,.F.);
#534 = EDGE_LOOP('',(#535));
#535 = ORIENTED_EDGE('',*,*,#536,.T.);
#536 = EDGE_CURVE('',#537,#537,#539,.T.);
#537 = VERTEX_POINT('',#538);
#538 = CARTESIAN_POINT('',(59.,-98.2695,0.));
#539 = CIRCLE('',#540,0.4445);
#540 = AXIS2_PLACEMENT_3D('',#541,#542,#543);
#541 = CARTESIAN_POINT('',(59.,-97.825,0.));
#542 = DIRECTION('',(-0.,0.,-1.));
#543 = DIRECTION('',(-0.,-1.,0.));
#544 = FACE_BOUND('',#545,.F.);
#545 = EDGE_LOOP('',(#546));
#546 = ORIENTED_EDGE('',*,*,#547,.T.);
#547 = EDGE_CURVE('',#548,#548,#550,.T.);
#548 = VERTEX_POINT('',#549);
#549 = CARTESIAN_POINT('',(61.5,-98.2695,0.));
#550 = CIRCLE('',#551,0.4445);
#551 = AXIS2_PLACEMENT_3D('',#552,#553,#554);
#552 = CARTESIAN_POINT('',(61.5,-97.825,0.));
#553 = DIRECTION('',(-0.,0.,-1.));
#554 = DIRECTION('',(-0.,-1.,0.));
#555 = FACE_BOUND('',#556,.F.);
#556 = EDGE_LOOP('',(#557));
#557 = ORIENTED_EDGE('',*,*,#558,.T.);
#558 = EDGE_CURVE('',#559,#559,#561,.T.);
#559 = VERTEX_POINT('',#560);
#560 = CARTESIAN_POINT('',(64.,-98.2695,0.));
#561 = CIRCLE('',#562,0.4445);
#562 = AXIS2_PLACEMENT_3D('',#563,#564,#565);
#563 = CARTESIAN_POINT('',(64.,-97.825,0.));
#564 = DIRECTION('',(-0.,0.,-1.));
#565 = DIRECTION('',(-0.,-1.,0.));
#566 = FACE_BOUND('',#567,.F.);
#567 = EDGE_LOOP('',(#568));
#568 = ORIENTED_EDGE('',*,*,#569,.T.);
#569 = EDGE_CURVE('',#570,#570,#572,.T.);
#570 = VERTEX_POINT('',#571);
#571 = CARTESIAN_POINT('',(58.5,-93.975,0.));
#572 = CIRCLE('',#573,0.5);
#573 = AXIS2_PLACEMENT_3D('',#574,#575,#576);
#574 = CARTESIAN_POINT('',(58.5,-93.475,0.));
#575 = DIRECTION('',(-0.,0.,-1.));
#576 = DIRECTION('',(-0.,-1.,0.));
#577 = FACE_BOUND('',#578,.F.);
#578 = EDGE_LOOP('',(#579));
#579 = ORIENTED_EDGE('',*,*,#580,.T.);
#580 = EDGE_CURVE('',#581,#581,#583,.T.);
#581 = VERTEX_POINT('',#582);
#582 = CARTESIAN_POINT('',(56.2,-86.875,0.));
#583 = CIRCLE('',#584,0.9);
#584 = AXIS2_PLACEMENT_3D('',#585,#586,#587);
#585 = CARTESIAN_POINT('',(56.2,-85.975,0.));
#586 = DIRECTION('',(-0.,0.,-1.));
#587 = DIRECTION('',(-0.,-1.,0.));
#588 = FACE_BOUND('',#589,.F.);
#589 = EDGE_LOOP('',(#590));
#590 = ORIENTED_EDGE('',*,*,#591,.T.);
#591 = EDGE_CURVE('',#592,#592,#594,.T.);
#592 = VERTEX_POINT('',#593);
#593 = CARTESIAN_POINT('',(61.,-93.975,0.));
#594 = CIRCLE('',#595,0.5);
#595 = AXIS2_PLACEMENT_3D('',#596,#597,#598);
#596 = CARTESIAN_POINT('',(61.,-93.475,0.));
#597 = DIRECTION('',(-0.,0.,-1.));
#598 = DIRECTION('',(-0.,-1.,0.));
#599 = FACE_BOUND('',#600,.F.);
#600 = EDGE_LOOP('',(#601));
#601 = ORIENTED_EDGE('',*,*,#602,.T.);
#602 = EDGE_CURVE('',#603,#603,#605,.T.);
#603 = VERTEX_POINT('',#604);
#604 = CARTESIAN_POINT('',(63.5,-93.975,0.));
#605 = CIRCLE('',#606,0.5);
#606 = AXIS2_PLACEMENT_3D('',#607,#608,#609);
#607 = CARTESIAN_POINT('',(63.5,-93.475,0.));
#608 = DIRECTION('',(-0.,0.,-1.));
#609 = DIRECTION('',(-0.,-1.,0.));
#610 = FACE_BOUND('',#611,.F.);
#611 = EDGE_LOOP('',(#612));
#612 = ORIENTED_EDGE('',*,*,#613,.T.);
#613 = EDGE_CURVE('',#614,#614,#616,.T.);
#614 = VERTEX_POINT('',#615);
#615 = CARTESIAN_POINT('',(66.5,-98.2695,0.));
#616 = CIRCLE('',#617,0.4445);
#617 = AXIS2_PLACEMENT_3D('',#618,#619,#620);
#618 = CARTESIAN_POINT('',(66.5,-97.825,0.));
#619 = DIRECTION('',(-0.,0.,-1.));
#620 = DIRECTION('',(-0.,-1.,0.));
#621 = FACE_BOUND('',#622,.F.);
#622 = EDGE_LOOP('',(#623));
#623 = ORIENTED_EDGE('',*,*,#624,.T.);
#624 = EDGE_CURVE('',#625,#625,#627,.T.);
#625 = VERTEX_POINT('',#626);
#626 = CARTESIAN_POINT('',(65.8,-86.875,0.));
#627 = CIRCLE('',#628,0.9);
#628 = AXIS2_PLACEMENT_3D('',#629,#630,#631);
#629 = CARTESIAN_POINT('',(65.8,-85.975,0.));
#630 = DIRECTION('',(-0.,0.,-1.));
#631 = DIRECTION('',(-1.578983857245E-14,-1.,0.));
#632 = FACE_BOUND('',#633,.F.);
#633 = EDGE_LOOP('',(#634));
#634 = ORIENTED_EDGE('',*,*,#635,.T.);
#635 = EDGE_CURVE('',#636,#636,#638,.T.);
#636 = VERTEX_POINT('',#637);
#637 = CARTESIAN_POINT('',(77.5,-93.975,0.));
#638 = CIRCLE('',#639,0.5);
#639 = AXIS2_PLACEMENT_3D('',#640,#641,#642);
#640 = CARTESIAN_POINT('',(77.5,-93.475,0.));
#641 = DIRECTION('',(-0.,0.,-1.));
#642 = DIRECTION('',(-0.,-1.,0.));
#643 = FACE_BOUND('',#644,.F.);
#644 = EDGE_LOOP('',(#645));
#645 = ORIENTED_EDGE('',*,*,#646,.T.);
#646 = EDGE_CURVE('',#647,#647,#649,.T.);
#647 = VERTEX_POINT('',#648);
#648 = CARTESIAN_POINT('',(75.2,-86.875,0.));
#649 = CIRCLE('',#650,0.9);
#650 = AXIS2_PLACEMENT_3D('',#651,#652,#653);
#651 = CARTESIAN_POINT('',(75.2,-85.975,0.));
#652 = DIRECTION('',(-0.,0.,-1.));
#653 = DIRECTION('',(1.578983857245E-14,-1.,-0.));
#654 = FACE_BOUND('',#655,.F.);
#655 = EDGE_LOOP('',(#656));
#656 = ORIENTED_EDGE('',*,*,#657,.T.);
#657 = EDGE_CURVE('',#658,#658,#660,.T.);
#658 = VERTEX_POINT('',#659);
#659 = CARTESIAN_POINT('',(58.5,-72.975,0.));
#660 = CIRCLE('',#661,0.5);
#661 = AXIS2_PLACEMENT_3D('',#662,#663,#664);
#662 = CARTESIAN_POINT('',(58.5,-72.475,0.));
#663 = DIRECTION('',(-0.,0.,-1.));
#664 = DIRECTION('',(-0.,-1.,0.));
#665 = FACE_BOUND('',#666,.F.);
#666 = EDGE_LOOP('',(#667));
#667 = ORIENTED_EDGE('',*,*,#668,.T.);
#668 = EDGE_CURVE('',#669,#669,#671,.T.);
#669 = VERTEX_POINT('',#670);
#670 = CARTESIAN_POINT('',(56.2,-65.875,0.));
#671 = CIRCLE('',#672,0.9);
#672 = AXIS2_PLACEMENT_3D('',#673,#674,#675);
#673 = CARTESIAN_POINT('',(56.2,-64.975,0.));
#674 = DIRECTION('',(-0.,0.,-1.));
#675 = DIRECTION('',(-0.,-1.,0.));
#676 = FACE_BOUND('',#677,.F.);
#677 = EDGE_LOOP('',(#678));
#678 = ORIENTED_EDGE('',*,*,#679,.T.);
#679 = EDGE_CURVE('',#680,#680,#682,.T.);
#680 = VERTEX_POINT('',#681);
#681 = CARTESIAN_POINT('',(61.,-72.975,0.));
#682 = CIRCLE('',#683,0.5);
#683 = AXIS2_PLACEMENT_3D('',#684,#685,#686);
#684 = CARTESIAN_POINT('',(61.,-72.475,0.));
#685 = DIRECTION('',(-0.,0.,-1.));
#686 = DIRECTION('',(-0.,-1.,0.));
#687 = FACE_BOUND('',#688,.F.);
#688 = EDGE_LOOP('',(#689));
#689 = ORIENTED_EDGE('',*,*,#690,.T.);
#690 = EDGE_CURVE('',#691,#691,#693,.T.);
#691 = VERTEX_POINT('',#692);
#692 = CARTESIAN_POINT('',(63.5,-72.975,0.));
#693 = CIRCLE('',#694,0.5);
#694 = AXIS2_PLACEMENT_3D('',#695,#696,#697);
#695 = CARTESIAN_POINT('',(63.5,-72.475,0.));
#696 = DIRECTION('',(-0.,0.,-1.));
#697 = DIRECTION('',(-0.,-1.,0.));
#698 = FACE_BOUND('',#699,.F.);
#699 = EDGE_LOOP('',(#700));
#700 = ORIENTED_EDGE('',*,*,#701,.T.);
#701 = EDGE_CURVE('',#702,#702,#704,.T.);
#702 = VERTEX_POINT('',#703);
#703 = CARTESIAN_POINT('',(65.8,-65.875,0.));
#704 = CIRCLE('',#705,0.9);
#705 = AXIS2_PLACEMENT_3D('',#706,#707,#708);
#706 = CARTESIAN_POINT('',(65.8,-64.975,0.));
#707 = DIRECTION('',(-0.,0.,-1.));
#708 = DIRECTION('',(-1.578983857245E-14,-1.,0.));
#709 = FACE_BOUND('',#710,.F.);
#710 = EDGE_LOOP('',(#711));
#711 = ORIENTED_EDGE('',*,*,#712,.T.);
#712 = EDGE_CURVE('',#713,#713,#715,.T.);
#713 = VERTEX_POINT('',#714);
#714 = CARTESIAN_POINT('',(77.5,-72.975,0.));
#715 = CIRCLE('',#716,0.5);
#716 = AXIS2_PLACEMENT_3D('',#717,#718,#719);
#717 = CARTESIAN_POINT('',(77.5,-72.475,0.));
#718 = DIRECTION('',(-0.,0.,-1.));
#719 = DIRECTION('',(-0.,-1.,0.));
#720 = FACE_BOUND('',#721,.F.);
#721 = EDGE_LOOP('',(#722));
#722 = ORIENTED_EDGE('',*,*,#723,.T.);
#723 = EDGE_CURVE('',#724,#724,#726,.T.);
#724 = VERTEX_POINT('',#725);
#725 = CARTESIAN_POINT('',(75.2,-65.875,0.));
#726 = CIRCLE('',#727,0.9);
#727 = AXIS2_PLACEMENT_3D('',#728,#729,#730);
#728 = CARTESIAN_POINT('',(75.2,-64.975,0.));
#729 = DIRECTION('',(-0.,0.,-1.));
#730 = DIRECTION('',(1.578983857245E-14,-1.,-0.));
#731 = FACE_BOUND('',#732,.F.);
#732 = EDGE_LOOP('',(#733));
#733 = ORIENTED_EDGE('',*,*,#734,.T.);
#734 = EDGE_CURVE('',#735,#735,#737,.T.);
#735 = VERTEX_POINT('',#736);
#736 = CARTESIAN_POINT('',(80.,-93.975,0.));
#737 = CIRCLE('',#738,0.5);
#738 = AXIS2_PLACEMENT_3D('',#739,#740,#741);
#739 = CARTESIAN_POINT('',(80.,-93.475,0.));
#740 = DIRECTION('',(-0.,0.,-1.));
#741 = DIRECTION('',(-0.,-1.,0.));
#742 = FACE_BOUND('',#743,.F.);
#743 = EDGE_LOOP('',(#744));
#744 = ORIENTED_EDGE('',*,*,#745,.T.);
#745 = EDGE_CURVE('',#746,#746,#748,.T.);
#746 = VERTEX_POINT('',#747);
#747 = CARTESIAN_POINT('',(82.5,-93.975,0.));
#748 = CIRCLE('',#749,0.5);
#749 = AXIS2_PLACEMENT_3D('',#750,#751,#752);
#750 = CARTESIAN_POINT('',(82.5,-93.475,0.));
#751 = DIRECTION('',(-0.,0.,-1.));
#752 = DIRECTION('',(-0.,-1.,0.));
#753 = FACE_BOUND('',#754,.F.);
#754 = EDGE_LOOP('',(#755));
#755 = ORIENTED_EDGE('',*,*,#756,.T.);
#756 = EDGE_CURVE('',#757,#757,#759,.T.);
#757 = VERTEX_POINT('',#758);
#758 = CARTESIAN_POINT('',(84.8,-86.875,0.));
#759 = CIRCLE('',#760,0.9);
#760 = AXIS2_PLACEMENT_3D('',#761,#762,#763);
#761 = CARTESIAN_POINT('',(84.8,-85.975,0.));
#762 = DIRECTION('',(-0.,0.,-1.));
#763 = DIRECTION('',(-1.578983857245E-14,-1.,0.));
#764 = FACE_BOUND('',#765,.F.);
#765 = EDGE_LOOP('',(#766));
#766 = ORIENTED_EDGE('',*,*,#767,.T.);
#767 = EDGE_CURVE('',#768,#768,#770,.T.);
#768 = VERTEX_POINT('',#769);
#769 = CARTESIAN_POINT('',(96.5,-93.975,0.));
#770 = CIRCLE('',#771,0.5);
#771 = AXIS2_PLACEMENT_3D('',#772,#773,#774);
#772 = CARTESIAN_POINT('',(96.5,-93.475,0.));
#773 = DIRECTION('',(-0.,0.,-1.));
#774 = DIRECTION('',(-0.,-1.,0.));
#775 = FACE_BOUND('',#776,.F.);
#776 = EDGE_LOOP('',(#777));
#777 = ORIENTED_EDGE('',*,*,#778,.T.);
#778 = EDGE_CURVE('',#779,#779,#781,.T.);
#779 = VERTEX_POINT('',#780);
#780 = CARTESIAN_POINT('',(94.2,-86.875,0.));
#781 = CIRCLE('',#782,0.9);
#782 = AXIS2_PLACEMENT_3D('',#783,#784,#785);
#783 = CARTESIAN_POINT('',(94.2,-85.975,0.));
#784 = DIRECTION('',(-0.,0.,-1.));
#785 = DIRECTION('',(1.578983857245E-14,-1.,-0.));
#786 = FACE_BOUND('',#787,.F.);
#787 = EDGE_LOOP('',(#788));
#788 = ORIENTED_EDGE('',*,*,#789,.T.);
#789 = EDGE_CURVE('',#790,#790,#792,.T.);
#790 = VERTEX_POINT('',#791);
#791 = CARTESIAN_POINT('',(99.,-93.975,0.));
#792 = CIRCLE('',#793,0.5);
#793 = AXIS2_PLACEMENT_3D('',#794,#795,#796);
#794 = CARTESIAN_POINT('',(99.,-93.475,0.));
#795 = DIRECTION('',(-0.,0.,-1.));
#796 = DIRECTION('',(-0.,-1.,0.));
#797 = FACE_BOUND('',#798,.F.);
#798 = EDGE_LOOP('',(#799));
#799 = ORIENTED_EDGE('',*,*,#800,.T.);
#800 = EDGE_CURVE('',#801,#801,#803,.T.);
#801 = VERTEX_POINT('',#802);
#802 = CARTESIAN_POINT('',(101.5,-93.975,0.));
#803 = CIRCLE('',#804,0.5);
#804 = AXIS2_PLACEMENT_3D('',#805,#806,#807);
#805 = CARTESIAN_POINT('',(101.5,-93.475,0.));
#806 = DIRECTION('',(-0.,0.,-1.));
#807 = DIRECTION('',(-0.,-1.,0.));
#808 = FACE_BOUND('',#809,.F.);
#809 = EDGE_LOOP('',(#810));
#810 = ORIENTED_EDGE('',*,*,#811,.T.);
#811 = EDGE_CURVE('',#812,#812,#814,.T.);
#812 = VERTEX_POINT('',#813);
#813 = CARTESIAN_POINT('',(103.8,-86.875,0.));
#814 = CIRCLE('',#815,0.9);
#815 = AXIS2_PLACEMENT_3D('',#816,#817,#818);
#816 = CARTESIAN_POINT('',(103.8,-85.975,0.));
#817 = DIRECTION('',(-0.,0.,-1.));
#818 = DIRECTION('',(-1.578983857245E-14,-1.,0.));
#819 = FACE_BOUND('',#820,.F.);
#820 = EDGE_LOOP('',(#821));
#821 = ORIENTED_EDGE('',*,*,#822,.T.);
#822 = EDGE_CURVE('',#823,#823,#825,.T.);
#823 = VERTEX_POINT('',#824);
#824 = CARTESIAN_POINT('',(80.,-72.975,0.));
#825 = CIRCLE('',#826,0.5);
#826 = AXIS2_PLACEMENT_3D('',#827,#828,#829);
#827 = CARTESIAN_POINT('',(80.,-72.475,0.));
#828 = DIRECTION('',(-0.,0.,-1.));
#829 = DIRECTION('',(-0.,-1.,0.));
#830 = FACE_BOUND('',#831,.F.);
#831 = EDGE_LOOP('',(#832));
#832 = ORIENTED_EDGE('',*,*,#833,.T.);
#833 = EDGE_CURVE('',#834,#834,#836,.T.);
#834 = VERTEX_POINT('',#835);
#835 = CARTESIAN_POINT('',(82.5,-72.975,0.));
#836 = CIRCLE('',#837,0.5);
#837 = AXIS2_PLACEMENT_3D('',#838,#839,#840);
#838 = CARTESIAN_POINT('',(82.5,-72.475,0.));
#839 = DIRECTION('',(-0.,0.,-1.));
#840 = DIRECTION('',(-0.,-1.,0.));
#841 = FACE_BOUND('',#842,.F.);
#842 = EDGE_LOOP('',(#843));
#843 = ORIENTED_EDGE('',*,*,#844,.T.);
#844 = EDGE_CURVE('',#845,#845,#847,.T.);
#845 = VERTEX_POINT('',#846);
#846 = CARTESIAN_POINT('',(84.8,-65.875,0.));
#847 = CIRCLE('',#848,0.9);
#848 = AXIS2_PLACEMENT_3D('',#849,#850,#851);
#849 = CARTESIAN_POINT('',(84.8,-64.975,0.));
#850 = DIRECTION('',(-0.,0.,-1.));
#851 = DIRECTION('',(-1.578983857245E-14,-1.,0.));
#852 = FACE_BOUND('',#853,.F.);
#853 = EDGE_LOOP('',(#854));
#854 = ORIENTED_EDGE('',*,*,#855,.T.);
#855 = EDGE_CURVE('',#856,#856,#858,.T.);
#856 = VERTEX_POINT('',#857);
#857 = CARTESIAN_POINT('',(96.5,-72.975,0.));
#858 = CIRCLE('',#859,0.5);
#859 = AXIS2_PLACEMENT_3D('',#860,#861,#862);
#860 = CARTESIAN_POINT('',(96.5,-72.475,0.));
#861 = DIRECTION('',(-0.,0.,-1.));
#862 = DIRECTION('',(-0.,-1.,0.));
#863 = FACE_BOUND('',#864,.F.);
#864 = EDGE_LOOP('',(#865));
#865 = ORIENTED_EDGE('',*,*,#866,.T.);
#866 = EDGE_CURVE('',#867,#867,#869,.T.);
#867 = VERTEX_POINT('',#868);
#868 = CARTESIAN_POINT('',(94.2,-65.875,0.));
#869 = CIRCLE('',#870,0.9);
#870 = AXIS2_PLACEMENT_3D('',#871,#872,#873);
#871 = CARTESIAN_POINT('',(94.2,-64.975,0.));
#872 = DIRECTION('',(-0.,0.,-1.));
#873 = DIRECTION('',(1.578983857245E-14,-1.,-0.));
#874 = FACE_BOUND('',#875,.F.);
#875 = EDGE_LOOP('',(#876));
#876 = ORIENTED_EDGE('',*,*,#877,.T.);
#877 = EDGE_CURVE('',#878,#878,#880,.T.);
#878 = VERTEX_POINT('',#879);
#879 = CARTESIAN_POINT('',(99.,-72.975,0.));
#880 = CIRCLE('',#881,0.5);
#881 = AXIS2_PLACEMENT_3D('',#882,#883,#884);
#882 = CARTESIAN_POINT('',(99.,-72.475,0.));
#883 = DIRECTION('',(-0.,0.,-1.));
#884 = DIRECTION('',(-0.,-1.,0.));
#885 = FACE_BOUND('',#886,.F.);
#886 = EDGE_LOOP('',(#887));
#887 = ORIENTED_EDGE('',*,*,#888,.T.);
#888 = EDGE_CURVE('',#889,#889,#891,.T.);
#889 = VERTEX_POINT('',#890);
#890 = CARTESIAN_POINT('',(101.5,-72.975,0.));
#891 = CIRCLE('',#892,0.5);
#892 = AXIS2_PLACEMENT_3D('',#893,#894,#895);
#893 = CARTESIAN_POINT('',(101.5,-72.475,0.));
#894 = DIRECTION('',(-0.,0.,-1.));
#895 = DIRECTION('',(-0.,-1.,0.));
#896 = FACE_BOUND('',#897,.F.);
#897 = EDGE_LOOP('',(#898));
#898 = ORIENTED_EDGE('',*,*,#899,.T.);
#899 = EDGE_CURVE('',#900,#900,#902,.T.);
#900 = VERTEX_POINT('',#901);
#901 = CARTESIAN_POINT('',(103.8,-65.875,0.));
#902 = CIRCLE('',#903,0.9);
#903 = AXIS2_PLACEMENT_3D('',#904,#905,#906);
#904 = CARTESIAN_POINT('',(103.8,-64.975,0.));
#905 = DIRECTION('',(-0.,0.,-1.));
#906 = DIRECTION('',(-1.578983857245E-14,-1.,0.));
#907 = PLANE('',#908);
#908 = AXIS2_PLACEMENT_3D('',#909,#910,#911);
#909 = CARTESIAN_POINT('',(0.,0.,0.));
#910 = DIRECTION('',(0.,0.,1.));
#911 = DIRECTION('',(1.,0.,-0.));
#912 = ADVANCED_FACE('',(#913,#1024,#1035,#1046,#1057,#1068,#1079,#1090,
    #1101,#1112,#1123,#1159,#1170,#1181,#1192,#1203,#1214,#1225,#1261,
    #1297,#1308,#1319,#1330,#1341,#1352,#1363,#1374,#1385,#1396,#1407,
    #1418,#1429,#1440,#1451,#1462,#1473,#1484,#1495,#1506,#1517,#1528,
    #1539,#1550,#1561,#1572,#1583,#1594,#1605,#1616,#1627,#1638,#1649,
    #1660,#1671),#1682,.T.);
#913 = FACE_BOUND('',#914,.T.);
#914 = EDGE_LOOP('',(#915,#916,#917,#925,#933,#941,#949,#957,#966,#974,
    #983,#991,#1000,#1008,#1017,#1023));
#915 = ORIENTED_EDGE('',*,*,#49,.F.);
#916 = ORIENTED_EDGE('',*,*,#89,.F.);
#917 = ORIENTED_EDGE('',*,*,#918,.F.);
#918 = EDGE_CURVE('',#919,#82,#921,.T.);
#919 = VERTEX_POINT('',#920);
#920 = CARTESIAN_POINT('',(56.5,-50.5,1.51));
#921 = LINE('',#922,#923);
#922 = CARTESIAN_POINT('',(56.5,-50.5,1.51));
#923 = VECTOR('',#924,1.);
#924 = DIRECTION('',(1.,0.,0.));
#925 = ORIENTED_EDGE('',*,*,#926,.F.);
#926 = EDGE_CURVE('',#927,#919,#929,.T.);
#927 = VERTEX_POINT('',#928);
#928 = CARTESIAN_POINT('',(56.5,-56.5,1.51));
#929 = LINE('',#930,#931);
#930 = CARTESIAN_POINT('',(56.5,-56.5,1.51));
#931 = VECTOR('',#932,1.);
#932 = DIRECTION('',(0.,1.,0.));
#933 = ORIENTED_EDGE('',*,*,#934,.F.);
#934 = EDGE_CURVE('',#935,#927,#937,.T.);
#935 = VERTEX_POINT('',#936);
#936 = CARTESIAN_POINT('',(50.5,-56.5,1.51));
#937 = LINE('',#938,#939);
#938 = CARTESIAN_POINT('',(50.5,-56.5,1.51));
#939 = VECTOR('',#940,1.);
#940 = DIRECTION('',(1.,0.,0.));
#941 = ORIENTED_EDGE('',*,*,#942,.F.);
#942 = EDGE_CURVE('',#943,#935,#945,.T.);
#943 = VERTEX_POINT('',#944);
#944 = CARTESIAN_POINT('',(50.5,-145.25,1.51));
#945 = LINE('',#946,#947);
#946 = CARTESIAN_POINT('',(50.5,-145.25,1.51));
#947 = VECTOR('',#948,1.);
#948 = DIRECTION('',(0.,1.,0.));
#949 = ORIENTED_EDGE('',*,*,#950,.F.);
#950 = EDGE_CURVE('',#951,#943,#953,.T.);
#951 = VERTEX_POINT('',#952);
#952 = CARTESIAN_POINT('',(60.280999999999,-145.25,1.51));
#953 = LINE('',#954,#955);
#954 = CARTESIAN_POINT('',(109.5,-145.25,1.51));
#955 = VECTOR('',#956,1.);
#956 = DIRECTION('',(-1.,0.,0.));
#957 = ORIENTED_EDGE('',*,*,#958,.T.);
#958 = EDGE_CURVE('',#951,#959,#961,.T.);
#959 = VERTEX_POINT('',#960);
#960 = CARTESIAN_POINT('',(61.181000000001,-145.25,1.51));
#961 = CIRCLE('',#962,0.45);
#962 = AXIS2_PLACEMENT_3D('',#963,#964,#965);
#963 = CARTESIAN_POINT('',(60.731,-145.25,1.51));
#964 = DIRECTION('',(-0.,0.,-1.));
#965 = DIRECTION('',(1.578983857245E-14,-1.,-0.));
#966 = ORIENTED_EDGE('',*,*,#967,.F.);
#967 = EDGE_CURVE('',#968,#959,#970,.T.);
#968 = VERTEX_POINT('',#969);
#969 = CARTESIAN_POINT('',(61.551000000008,-145.25,1.51));
#970 = LINE('',#971,#972);
#971 = CARTESIAN_POINT('',(109.5,-145.25,1.51));
#972 = VECTOR('',#973,1.);
#973 = DIRECTION('',(-1.,0.,0.));
#974 = ORIENTED_EDGE('',*,*,#975,.T.);
#975 = EDGE_CURVE('',#968,#976,#978,.T.);
#976 = VERTEX_POINT('',#977);
#977 = CARTESIAN_POINT('',(62.450999999992,-145.25,1.51));
#978 = CIRCLE('',#979,0.45);
#979 = AXIS2_PLACEMENT_3D('',#980,#981,#982);
#980 = CARTESIAN_POINT('',(62.001,-145.25,1.51));
#981 = DIRECTION('',(-0.,0.,-1.));
#982 = DIRECTION('',(-1.578983857245E-14,-1.,0.));
#983 = ORIENTED_EDGE('',*,*,#984,.F.);
#984 = EDGE_CURVE('',#985,#976,#987,.T.);
#985 = VERTEX_POINT('',#986);
#986 = CARTESIAN_POINT('',(62.821,-145.25,1.51));
#987 = LINE('',#988,#989);
#988 = CARTESIAN_POINT('',(109.5,-145.25,1.51));
#989 = VECTOR('',#990,1.);
#990 = DIRECTION('',(-1.,0.,0.));
#991 = ORIENTED_EDGE('',*,*,#992,.T.);
#992 = EDGE_CURVE('',#985,#993,#995,.T.);
#993 = VERTEX_POINT('',#994);
#994 = CARTESIAN_POINT('',(63.721,-145.25,1.51));
#995 = CIRCLE('',#996,0.45);
#996 = AXIS2_PLACEMENT_3D('',#997,#998,#999);
#997 = CARTESIAN_POINT('',(63.271,-145.25,1.51));
#998 = DIRECTION('',(-0.,0.,-1.));
#999 = DIRECTION('',(-0.,-1.,0.));
#1000 = ORIENTED_EDGE('',*,*,#1001,.F.);
#1001 = EDGE_CURVE('',#1002,#993,#1004,.T.);
#1002 = VERTEX_POINT('',#1003);
#1003 = CARTESIAN_POINT('',(64.090999999999,-145.25,1.51));
#1004 = LINE('',#1005,#1006);
#1005 = CARTESIAN_POINT('',(109.5,-145.25,1.51));
#1006 = VECTOR('',#1007,1.);
#1007 = DIRECTION('',(-1.,0.,0.));
#1008 = ORIENTED_EDGE('',*,*,#1009,.T.);
#1009 = EDGE_CURVE('',#1002,#1010,#1012,.T.);
#1010 = VERTEX_POINT('',#1011);
#1011 = CARTESIAN_POINT('',(64.991000000001,-145.25,1.51));
#1012 = CIRCLE('',#1013,0.45);
#1013 = AXIS2_PLACEMENT_3D('',#1014,#1015,#1016);
#1014 = CARTESIAN_POINT('',(64.541,-145.25,1.51));
#1015 = DIRECTION('',(-0.,0.,-1.));
#1016 = DIRECTION('',(-0.,-1.,0.));
#1017 = ORIENTED_EDGE('',*,*,#1018,.F.);
#1018 = EDGE_CURVE('',#112,#1010,#1019,.T.);
#1019 = LINE('',#1020,#1021);
#1020 = CARTESIAN_POINT('',(109.5,-145.25,1.51));
#1021 = VECTOR('',#1022,1.);
#1022 = DIRECTION('',(-1.,0.,0.));
#1023 = ORIENTED_EDGE('',*,*,#111,.F.);
#1024 = FACE_BOUND('',#1025,.T.);
#1025 = EDGE_LOOP('',(#1026));
#1026 = ORIENTED_EDGE('',*,*,#1027,.T.);
#1027 = EDGE_CURVE('',#1028,#1028,#1030,.T.);
#1028 = VERTEX_POINT('',#1029);
#1029 = CARTESIAN_POINT('',(75.7805,-145.052,1.51));
#1030 = CIRCLE('',#1031,0.5);
#1031 = AXIS2_PLACEMENT_3D('',#1032,#1033,#1034);
#1032 = CARTESIAN_POINT('',(75.7805,-144.552,1.51));
#1033 = DIRECTION('',(-0.,0.,-1.));
#1034 = DIRECTION('',(-0.,-1.,0.));
#1035 = FACE_BOUND('',#1036,.T.);
#1036 = EDGE_LOOP('',(#1037));
#1037 = ORIENTED_EDGE('',*,*,#1038,.T.);
#1038 = EDGE_CURVE('',#1039,#1039,#1041,.T.);
#1039 = VERTEX_POINT('',#1040);
#1040 = CARTESIAN_POINT('',(78.3205,-145.052,1.51));
#1041 = CIRCLE('',#1042,0.5);
#1042 = AXIS2_PLACEMENT_3D('',#1043,#1044,#1045);
#1043 = CARTESIAN_POINT('',(78.3205,-144.552,1.51));
#1044 = DIRECTION('',(-0.,0.,-1.));
#1045 = DIRECTION('',(-0.,-1.,0.));
#1046 = FACE_BOUND('',#1047,.T.);
#1047 = EDGE_LOOP('',(#1048));
#1048 = ORIENTED_EDGE('',*,*,#1049,.T.);
#1049 = EDGE_CURVE('',#1050,#1050,#1052,.T.);
#1050 = VERTEX_POINT('',#1051);
#1051 = CARTESIAN_POINT('',(56.5,-116.5695,1.51));
#1052 = CIRCLE('',#1053,0.4445);
#1053 = AXIS2_PLACEMENT_3D('',#1054,#1055,#1056);
#1054 = CARTESIAN_POINT('',(56.5,-116.125,1.51));
#1055 = DIRECTION('',(-0.,0.,-1.));
#1056 = DIRECTION('',(-0.,-1.,0.));
#1057 = FACE_BOUND('',#1058,.T.);
#1058 = EDGE_LOOP('',(#1059));
#1059 = ORIENTED_EDGE('',*,*,#1060,.T.);
#1060 = EDGE_CURVE('',#1061,#1061,#1063,.T.);
#1061 = VERTEX_POINT('',#1062);
#1062 = CARTESIAN_POINT('',(59.,-116.5695,1.51));
#1063 = CIRCLE('',#1064,0.4445);
#1064 = AXIS2_PLACEMENT_3D('',#1065,#1066,#1067);
#1065 = CARTESIAN_POINT('',(59.,-116.125,1.51));
#1066 = DIRECTION('',(-0.,0.,-1.));
#1067 = DIRECTION('',(-0.,-1.,0.));
#1068 = FACE_BOUND('',#1069,.T.);
#1069 = EDGE_LOOP('',(#1070));
#1070 = ORIENTED_EDGE('',*,*,#1071,.T.);
#1071 = EDGE_CURVE('',#1072,#1072,#1074,.T.);
#1072 = VERTEX_POINT('',#1073);
#1073 = CARTESIAN_POINT('',(61.5,-116.5695,1.51));
#1074 = CIRCLE('',#1075,0.4445);
#1075 = AXIS2_PLACEMENT_3D('',#1076,#1077,#1078);
#1076 = CARTESIAN_POINT('',(61.5,-116.125,1.51));
#1077 = DIRECTION('',(-0.,0.,-1.));
#1078 = DIRECTION('',(-0.,-1.,0.));
#1079 = FACE_BOUND('',#1080,.T.);
#1080 = EDGE_LOOP('',(#1081));
#1081 = ORIENTED_EDGE('',*,*,#1082,.T.);
#1082 = EDGE_CURVE('',#1083,#1083,#1085,.T.);
#1083 = VERTEX_POINT('',#1084);
#1084 = CARTESIAN_POINT('',(64.,-116.5695,1.51));
#1085 = CIRCLE('',#1086,0.4445);
#1086 = AXIS2_PLACEMENT_3D('',#1087,#1088,#1089);
#1087 = CARTESIAN_POINT('',(64.,-116.125,1.51));
#1088 = DIRECTION('',(-0.,0.,-1.));
#1089 = DIRECTION('',(-0.,-1.,0.));
#1090 = FACE_BOUND('',#1091,.T.);
#1091 = EDGE_LOOP('',(#1092));
#1092 = ORIENTED_EDGE('',*,*,#1093,.T.);
#1093 = EDGE_CURVE('',#1094,#1094,#1096,.T.);
#1094 = VERTEX_POINT('',#1095);
#1095 = CARTESIAN_POINT('',(53.5,-106.8783,1.51));
#1096 = CIRCLE('',#1097,1.0033);
#1097 = AXIS2_PLACEMENT_3D('',#1098,#1099,#1100);
#1098 = CARTESIAN_POINT('',(53.5,-105.875,1.51));
#1099 = DIRECTION('',(-0.,0.,-1.));
#1100 = DIRECTION('',(-0.,-1.,0.));
#1101 = FACE_BOUND('',#1102,.T.);
#1102 = EDGE_LOOP('',(#1103));
#1103 = ORIENTED_EDGE('',*,*,#1104,.T.);
#1104 = EDGE_CURVE('',#1105,#1105,#1107,.T.);
#1105 = VERTEX_POINT('',#1106);
#1106 = CARTESIAN_POINT('',(66.5,-116.5695,1.51));
#1107 = CIRCLE('',#1108,0.4445);
#1108 = AXIS2_PLACEMENT_3D('',#1109,#1110,#1111);
#1109 = CARTESIAN_POINT('',(66.5,-116.125,1.51));
#1110 = DIRECTION('',(-0.,0.,-1.));
#1111 = DIRECTION('',(-0.,-1.,0.));
#1112 = FACE_BOUND('',#1113,.T.);
#1113 = EDGE_LOOP('',(#1114));
#1114 = ORIENTED_EDGE('',*,*,#1115,.T.);
#1115 = EDGE_CURVE('',#1116,#1116,#1118,.T.);
#1116 = VERTEX_POINT('',#1117);
#1117 = CARTESIAN_POINT('',(69.5,-106.8783,1.51));
#1118 = CIRCLE('',#1119,1.0033);
#1119 = AXIS2_PLACEMENT_3D('',#1120,#1121,#1122);
#1120 = CARTESIAN_POINT('',(69.5,-105.875,1.51));
#1121 = DIRECTION('',(-0.,0.,-1.));
#1122 = DIRECTION('',(-0.,-1.,0.));
#1123 = FACE_BOUND('',#1124,.T.);
#1124 = EDGE_LOOP('',(#1125,#1136,#1144,#1153));
#1125 = ORIENTED_EDGE('',*,*,#1126,.T.);
#1126 = EDGE_CURVE('',#1127,#1129,#1131,.T.);
#1127 = VERTEX_POINT('',#1128);
#1128 = CARTESIAN_POINT('',(75.8,-107.575,1.51));
#1129 = VERTEX_POINT('',#1130);
#1130 = CARTESIAN_POINT('',(74.8,-107.575,1.51));
#1131 = CIRCLE('',#1132,0.5);
#1132 = AXIS2_PLACEMENT_3D('',#1133,#1134,#1135);
#1133 = CARTESIAN_POINT('',(75.3,-107.575,1.51));
#1134 = DIRECTION('',(-0.,0.,-1.));
#1135 = DIRECTION('',(-1.,0.,0.));
#1136 = ORIENTED_EDGE('',*,*,#1137,.T.);
#1137 = EDGE_CURVE('',#1129,#1138,#1140,.T.);
#1138 = VERTEX_POINT('',#1139);
#1139 = CARTESIAN_POINT('',(74.8,-106.375,1.51));
#1140 = LINE('',#1141,#1142);
#1141 = CARTESIAN_POINT('',(74.8,-53.1875,1.51));
#1142 = VECTOR('',#1143,1.);
#1143 = DIRECTION('',(-0.,1.,0.));
#1144 = ORIENTED_EDGE('',*,*,#1145,.T.);
#1145 = EDGE_CURVE('',#1138,#1146,#1148,.T.);
#1146 = VERTEX_POINT('',#1147);
#1147 = CARTESIAN_POINT('',(75.8,-106.375,1.51));
#1148 = CIRCLE('',#1149,0.5);
#1149 = AXIS2_PLACEMENT_3D('',#1150,#1151,#1152);
#1150 = CARTESIAN_POINT('',(75.3,-106.375,1.51));
#1151 = DIRECTION('',(0.,-0.,-1.));
#1152 = DIRECTION('',(1.,0.,-0.));
#1153 = ORIENTED_EDGE('',*,*,#1154,.T.);
#1154 = EDGE_CURVE('',#1146,#1127,#1155,.T.);
#1155 = LINE('',#1156,#1157);
#1156 = CARTESIAN_POINT('',(75.8,-53.7875,1.51));
#1157 = VECTOR('',#1158,1.);
#1158 = DIRECTION('',(0.,-1.,0.));
#1159 = FACE_BOUND('',#1160,.T.);
#1160 = EDGE_LOOP('',(#1161));
#1161 = ORIENTED_EDGE('',*,*,#1162,.T.);
#1162 = EDGE_CURVE('',#1163,#1163,#1165,.T.);
#1163 = VERTEX_POINT('',#1164);
#1164 = CARTESIAN_POINT('',(81.305,-145.052,1.51));
#1165 = CIRCLE('',#1166,0.5);
#1166 = AXIS2_PLACEMENT_3D('',#1167,#1168,#1169);
#1167 = CARTESIAN_POINT('',(81.305,-144.552,1.51));
#1168 = DIRECTION('',(-0.,0.,-1.));
#1169 = DIRECTION('',(-0.,-1.,0.));
#1170 = FACE_BOUND('',#1171,.T.);
#1171 = EDGE_LOOP('',(#1172));
#1172 = ORIENTED_EDGE('',*,*,#1173,.T.);
#1173 = EDGE_CURVE('',#1174,#1174,#1176,.T.);
#1174 = VERTEX_POINT('',#1175);
#1175 = CARTESIAN_POINT('',(83.845,-145.052,1.51));
#1176 = CIRCLE('',#1177,0.5);
#1177 = AXIS2_PLACEMENT_3D('',#1178,#1179,#1180);
#1178 = CARTESIAN_POINT('',(83.845,-144.552,1.51));
#1179 = DIRECTION('',(-0.,0.,-1.));
#1180 = DIRECTION('',(-0.,-1.,0.));
#1181 = FACE_BOUND('',#1182,.T.);
#1182 = EDGE_LOOP('',(#1183));
#1183 = ORIENTED_EDGE('',*,*,#1184,.T.);
#1184 = EDGE_CURVE('',#1185,#1185,#1187,.T.);
#1185 = VERTEX_POINT('',#1186);
#1186 = CARTESIAN_POINT('',(88.21,-145.2,1.51));
#1187 = CIRCLE('',#1188,0.45);
#1188 = AXIS2_PLACEMENT_3D('',#1189,#1190,#1191);
#1189 = CARTESIAN_POINT('',(88.21,-144.75,1.51));
#1190 = DIRECTION('',(-0.,0.,-1.));
#1191 = DIRECTION('',(-3.157967714489E-14,-1.,0.));
#1192 = FACE_BOUND('',#1193,.T.);
#1193 = EDGE_LOOP('',(#1194));
#1194 = ORIENTED_EDGE('',*,*,#1195,.T.);
#1195 = EDGE_CURVE('',#1196,#1196,#1198,.T.);
#1196 = VERTEX_POINT('',#1197);
#1197 = CARTESIAN_POINT('',(89.48,-145.2,1.51));
#1198 = CIRCLE('',#1199,0.45);
#1199 = AXIS2_PLACEMENT_3D('',#1200,#1201,#1202);
#1200 = CARTESIAN_POINT('',(89.48,-144.75,1.51));
#1201 = DIRECTION('',(-0.,0.,-1.));
#1202 = DIRECTION('',(-0.,-1.,0.));
#1203 = FACE_BOUND('',#1204,.T.);
#1204 = EDGE_LOOP('',(#1205));
#1205 = ORIENTED_EDGE('',*,*,#1206,.T.);
#1206 = EDGE_CURVE('',#1207,#1207,#1209,.T.);
#1207 = VERTEX_POINT('',#1208);
#1208 = CARTESIAN_POINT('',(90.75,-145.2,1.51));
#1209 = CIRCLE('',#1210,0.45);
#1210 = AXIS2_PLACEMENT_3D('',#1211,#1212,#1213);
#1211 = CARTESIAN_POINT('',(90.75,-144.75,1.51));
#1212 = DIRECTION('',(-0.,0.,-1.));
#1213 = DIRECTION('',(-0.,-1.,0.));
#1214 = FACE_BOUND('',#1215,.T.);
#1215 = EDGE_LOOP('',(#1216));
#1216 = ORIENTED_EDGE('',*,*,#1217,.T.);
#1217 = EDGE_CURVE('',#1218,#1218,#1220,.T.);
#1218 = VERTEX_POINT('',#1219);
#1219 = CARTESIAN_POINT('',(92.02,-145.2,1.51));
#1220 = CIRCLE('',#1221,0.45);
#1221 = AXIS2_PLACEMENT_3D('',#1222,#1223,#1224);
#1222 = CARTESIAN_POINT('',(92.02,-144.75,1.51));
#1223 = DIRECTION('',(-0.,0.,-1.));
#1224 = DIRECTION('',(-0.,-1.,0.));
#1225 = FACE_BOUND('',#1226,.T.);
#1226 = EDGE_LOOP('',(#1227,#1238,#1246,#1255));
#1227 = ORIENTED_EDGE('',*,*,#1228,.T.);
#1228 = EDGE_CURVE('',#1229,#1231,#1233,.T.);
#1229 = VERTEX_POINT('',#1230);
#1230 = CARTESIAN_POINT('',(80.5,-107.575,1.51));
#1231 = VERTEX_POINT('',#1232);
#1232 = CARTESIAN_POINT('',(79.5,-107.575,1.51));
#1233 = CIRCLE('',#1234,0.5);
#1234 = AXIS2_PLACEMENT_3D('',#1235,#1236,#1237);
#1235 = CARTESIAN_POINT('',(80.,-107.575,1.51));
#1236 = DIRECTION('',(-0.,0.,-1.));
#1237 = DIRECTION('',(-1.,0.,0.));
#1238 = ORIENTED_EDGE('',*,*,#1239,.T.);
#1239 = EDGE_CURVE('',#1231,#1240,#1242,.T.);
#1240 = VERTEX_POINT('',#1241);
#1241 = CARTESIAN_POINT('',(79.5,-106.375,1.51));
#1242 = LINE('',#1243,#1244);
#1243 = CARTESIAN_POINT('',(79.5,-53.1875,1.51));
#1244 = VECTOR('',#1245,1.);
#1245 = DIRECTION('',(-0.,1.,0.));
#1246 = ORIENTED_EDGE('',*,*,#1247,.T.);
#1247 = EDGE_CURVE('',#1240,#1248,#1250,.T.);
#1248 = VERTEX_POINT('',#1249);
#1249 = CARTESIAN_POINT('',(80.5,-106.375,1.51));
#1250 = CIRCLE('',#1251,0.5);
#1251 = AXIS2_PLACEMENT_3D('',#1252,#1253,#1254);
#1252 = CARTESIAN_POINT('',(80.,-106.375,1.51));
#1253 = DIRECTION('',(0.,-0.,-1.));
#1254 = DIRECTION('',(1.,0.,-0.));
#1255 = ORIENTED_EDGE('',*,*,#1256,.T.);
#1256 = EDGE_CURVE('',#1248,#1229,#1257,.T.);
#1257 = LINE('',#1258,#1259);
#1258 = CARTESIAN_POINT('',(80.5,-53.7875,1.51));
#1259 = VECTOR('',#1260,1.);
#1260 = DIRECTION('',(0.,-1.,0.));
#1261 = FACE_BOUND('',#1262,.T.);
#1262 = EDGE_LOOP('',(#1263,#1274,#1282,#1291));
#1263 = ORIENTED_EDGE('',*,*,#1264,.T.);
#1264 = EDGE_CURVE('',#1265,#1267,#1269,.T.);
#1265 = VERTEX_POINT('',#1266);
#1266 = CARTESIAN_POINT('',(85.2,-107.575,1.51));
#1267 = VERTEX_POINT('',#1268);
#1268 = CARTESIAN_POINT('',(84.2,-107.575,1.51));
#1269 = CIRCLE('',#1270,0.5);
#1270 = AXIS2_PLACEMENT_3D('',#1271,#1272,#1273);
#1271 = CARTESIAN_POINT('',(84.7,-107.575,1.51));
#1272 = DIRECTION('',(-0.,0.,-1.));
#1273 = DIRECTION('',(-1.,0.,0.));
#1274 = ORIENTED_EDGE('',*,*,#1275,.T.);
#1275 = EDGE_CURVE('',#1267,#1276,#1278,.T.);
#1276 = VERTEX_POINT('',#1277);
#1277 = CARTESIAN_POINT('',(84.2,-106.375,1.51));
#1278 = LINE('',#1279,#1280);
#1279 = CARTESIAN_POINT('',(84.2,-53.1875,1.51));
#1280 = VECTOR('',#1281,1.);
#1281 = DIRECTION('',(-0.,1.,0.));
#1282 = ORIENTED_EDGE('',*,*,#1283,.T.);
#1283 = EDGE_CURVE('',#1276,#1284,#1286,.T.);
#1284 = VERTEX_POINT('',#1285);
#1285 = CARTESIAN_POINT('',(85.2,-106.375,1.51));
#1286 = CIRCLE('',#1287,0.5);
#1287 = AXIS2_PLACEMENT_3D('',#1288,#1289,#1290);
#1288 = CARTESIAN_POINT('',(84.7,-106.375,1.51));
#1289 = DIRECTION('',(0.,-0.,-1.));
#1290 = DIRECTION('',(1.,0.,-0.));
#1291 = ORIENTED_EDGE('',*,*,#1292,.T.);
#1292 = EDGE_CURVE('',#1284,#1265,#1293,.T.);
#1293 = LINE('',#1294,#1295);
#1294 = CARTESIAN_POINT('',(85.2,-53.7875,1.51));
#1295 = VECTOR('',#1296,1.);
#1296 = DIRECTION('',(0.,-1.,0.));
#1297 = FACE_BOUND('',#1298,.T.);
#1298 = EDGE_LOOP('',(#1299));
#1299 = ORIENTED_EDGE('',*,*,#1300,.T.);
#1300 = EDGE_CURVE('',#1301,#1301,#1303,.T.);
#1301 = VERTEX_POINT('',#1302);
#1302 = CARTESIAN_POINT('',(56.5,-98.2695,1.51));
#1303 = CIRCLE('',#1304,0.4445);
#1304 = AXIS2_PLACEMENT_3D('',#1305,#1306,#1307);
#1305 = CARTESIAN_POINT('',(56.5,-97.825,1.51));
#1306 = DIRECTION('',(-0.,0.,-1.));
#1307 = DIRECTION('',(-0.,-1.,0.));
#1308 = FACE_BOUND('',#1309,.T.);
#1309 = EDGE_LOOP('',(#1310));
#1310 = ORIENTED_EDGE('',*,*,#1311,.T.);
#1311 = EDGE_CURVE('',#1312,#1312,#1314,.T.);
#1312 = VERTEX_POINT('',#1313);
#1313 = CARTESIAN_POINT('',(59.,-98.2695,1.51));
#1314 = CIRCLE('',#1315,0.4445);
#1315 = AXIS2_PLACEMENT_3D('',#1316,#1317,#1318);
#1316 = CARTESIAN_POINT('',(59.,-97.825,1.51));
#1317 = DIRECTION('',(-0.,0.,-1.));
#1318 = DIRECTION('',(-0.,-1.,0.));
#1319 = FACE_BOUND('',#1320,.T.);
#1320 = EDGE_LOOP('',(#1321));
#1321 = ORIENTED_EDGE('',*,*,#1322,.T.);
#1322 = EDGE_CURVE('',#1323,#1323,#1325,.T.);
#1323 = VERTEX_POINT('',#1324);
#1324 = CARTESIAN_POINT('',(61.5,-98.2695,1.51));
#1325 = CIRCLE('',#1326,0.4445);
#1326 = AXIS2_PLACEMENT_3D('',#1327,#1328,#1329);
#1327 = CARTESIAN_POINT('',(61.5,-97.825,1.51));
#1328 = DIRECTION('',(-0.,0.,-1.));
#1329 = DIRECTION('',(-0.,-1.,0.));
#1330 = FACE_BOUND('',#1331,.T.);
#1331 = EDGE_LOOP('',(#1332));
#1332 = ORIENTED_EDGE('',*,*,#1333,.T.);
#1333 = EDGE_CURVE('',#1334,#1334,#1336,.T.);
#1334 = VERTEX_POINT('',#1335);
#1335 = CARTESIAN_POINT('',(64.,-98.2695,1.51));
#1336 = CIRCLE('',#1337,0.4445);
#1337 = AXIS2_PLACEMENT_3D('',#1338,#1339,#1340);
#1338 = CARTESIAN_POINT('',(64.,-97.825,1.51));
#1339 = DIRECTION('',(-0.,0.,-1.));
#1340 = DIRECTION('',(-0.,-1.,0.));
#1341 = FACE_BOUND('',#1342,.T.);
#1342 = EDGE_LOOP('',(#1343));
#1343 = ORIENTED_EDGE('',*,*,#1344,.T.);
#1344 = EDGE_CURVE('',#1345,#1345,#1347,.T.);
#1345 = VERTEX_POINT('',#1346);
#1346 = CARTESIAN_POINT('',(58.5,-93.975,1.51));
#1347 = CIRCLE('',#1348,0.5);
#1348 = AXIS2_PLACEMENT_3D('',#1349,#1350,#1351);
#1349 = CARTESIAN_POINT('',(58.5,-93.475,1.51));
#1350 = DIRECTION('',(-0.,0.,-1.));
#1351 = DIRECTION('',(-0.,-1.,0.));
#1352 = FACE_BOUND('',#1353,.T.);
#1353 = EDGE_LOOP('',(#1354));
#1354 = ORIENTED_EDGE('',*,*,#1355,.T.);
#1355 = EDGE_CURVE('',#1356,#1356,#1358,.T.);
#1356 = VERTEX_POINT('',#1357);
#1357 = CARTESIAN_POINT('',(56.2,-86.875,1.51));
#1358 = CIRCLE('',#1359,0.9);
#1359 = AXIS2_PLACEMENT_3D('',#1360,#1361,#1362);
#1360 = CARTESIAN_POINT('',(56.2,-85.975,1.51));
#1361 = DIRECTION('',(-0.,0.,-1.));
#1362 = DIRECTION('',(-0.,-1.,0.));
#1363 = FACE_BOUND('',#1364,.T.);
#1364 = EDGE_LOOP('',(#1365));
#1365 = ORIENTED_EDGE('',*,*,#1366,.T.);
#1366 = EDGE_CURVE('',#1367,#1367,#1369,.T.);
#1367 = VERTEX_POINT('',#1368);
#1368 = CARTESIAN_POINT('',(61.,-93.975,1.51));
#1369 = CIRCLE('',#1370,0.5);
#1370 = AXIS2_PLACEMENT_3D('',#1371,#1372,#1373);
#1371 = CARTESIAN_POINT('',(61.,-93.475,1.51));
#1372 = DIRECTION('',(-0.,0.,-1.));
#1373 = DIRECTION('',(-0.,-1.,0.));
#1374 = FACE_BOUND('',#1375,.T.);
#1375 = EDGE_LOOP('',(#1376));
#1376 = ORIENTED_EDGE('',*,*,#1377,.T.);
#1377 = EDGE_CURVE('',#1378,#1378,#1380,.T.);
#1378 = VERTEX_POINT('',#1379);
#1379 = CARTESIAN_POINT('',(63.5,-93.975,1.51));
#1380 = CIRCLE('',#1381,0.5);
#1381 = AXIS2_PLACEMENT_3D('',#1382,#1383,#1384);
#1382 = CARTESIAN_POINT('',(63.5,-93.475,1.51));
#1383 = DIRECTION('',(-0.,0.,-1.));
#1384 = DIRECTION('',(-0.,-1.,0.));
#1385 = FACE_BOUND('',#1386,.T.);
#1386 = EDGE_LOOP('',(#1387));
#1387 = ORIENTED_EDGE('',*,*,#1388,.T.);
#1388 = EDGE_CURVE('',#1389,#1389,#1391,.T.);
#1389 = VERTEX_POINT('',#1390);
#1390 = CARTESIAN_POINT('',(66.5,-98.2695,1.51));
#1391 = CIRCLE('',#1392,0.4445);
#1392 = AXIS2_PLACEMENT_3D('',#1393,#1394,#1395);
#1393 = CARTESIAN_POINT('',(66.5,-97.825,1.51));
#1394 = DIRECTION('',(-0.,0.,-1.));
#1395 = DIRECTION('',(-0.,-1.,0.));
#1396 = FACE_BOUND('',#1397,.T.);
#1397 = EDGE_LOOP('',(#1398));
#1398 = ORIENTED_EDGE('',*,*,#1399,.T.);
#1399 = EDGE_CURVE('',#1400,#1400,#1402,.T.);
#1400 = VERTEX_POINT('',#1401);
#1401 = CARTESIAN_POINT('',(65.8,-86.875,1.51));
#1402 = CIRCLE('',#1403,0.9);
#1403 = AXIS2_PLACEMENT_3D('',#1404,#1405,#1406);
#1404 = CARTESIAN_POINT('',(65.8,-85.975,1.51));
#1405 = DIRECTION('',(-0.,0.,-1.));
#1406 = DIRECTION('',(-1.578983857245E-14,-1.,0.));
#1407 = FACE_BOUND('',#1408,.T.);
#1408 = EDGE_LOOP('',(#1409));
#1409 = ORIENTED_EDGE('',*,*,#1410,.T.);
#1410 = EDGE_CURVE('',#1411,#1411,#1413,.T.);
#1411 = VERTEX_POINT('',#1412);
#1412 = CARTESIAN_POINT('',(77.5,-93.975,1.51));
#1413 = CIRCLE('',#1414,0.5);
#1414 = AXIS2_PLACEMENT_3D('',#1415,#1416,#1417);
#1415 = CARTESIAN_POINT('',(77.5,-93.475,1.51));
#1416 = DIRECTION('',(-0.,0.,-1.));
#1417 = DIRECTION('',(-0.,-1.,0.));
#1418 = FACE_BOUND('',#1419,.T.);
#1419 = EDGE_LOOP('',(#1420));
#1420 = ORIENTED_EDGE('',*,*,#1421,.T.);
#1421 = EDGE_CURVE('',#1422,#1422,#1424,.T.);
#1422 = VERTEX_POINT('',#1423);
#1423 = CARTESIAN_POINT('',(75.2,-86.875,1.51));
#1424 = CIRCLE('',#1425,0.9);
#1425 = AXIS2_PLACEMENT_3D('',#1426,#1427,#1428);
#1426 = CARTESIAN_POINT('',(75.2,-85.975,1.51));
#1427 = DIRECTION('',(-0.,0.,-1.));
#1428 = DIRECTION('',(1.578983857245E-14,-1.,-0.));
#1429 = FACE_BOUND('',#1430,.T.);
#1430 = EDGE_LOOP('',(#1431));
#1431 = ORIENTED_EDGE('',*,*,#1432,.T.);
#1432 = EDGE_CURVE('',#1433,#1433,#1435,.T.);
#1433 = VERTEX_POINT('',#1434);
#1434 = CARTESIAN_POINT('',(58.5,-72.975,1.51));
#1435 = CIRCLE('',#1436,0.5);
#1436 = AXIS2_PLACEMENT_3D('',#1437,#1438,#1439);
#1437 = CARTESIAN_POINT('',(58.5,-72.475,1.51));
#1438 = DIRECTION('',(-0.,0.,-1.));
#1439 = DIRECTION('',(-0.,-1.,0.));
#1440 = FACE_BOUND('',#1441,.T.);
#1441 = EDGE_LOOP('',(#1442));
#1442 = ORIENTED_EDGE('',*,*,#1443,.T.);
#1443 = EDGE_CURVE('',#1444,#1444,#1446,.T.);
#1444 = VERTEX_POINT('',#1445);
#1445 = CARTESIAN_POINT('',(56.2,-65.875,1.51));
#1446 = CIRCLE('',#1447,0.9);
#1447 = AXIS2_PLACEMENT_3D('',#1448,#1449,#1450);
#1448 = CARTESIAN_POINT('',(56.2,-64.975,1.51));
#1449 = DIRECTION('',(-0.,0.,-1.));
#1450 = DIRECTION('',(-0.,-1.,0.));
#1451 = FACE_BOUND('',#1452,.T.);
#1452 = EDGE_LOOP('',(#1453));
#1453 = ORIENTED_EDGE('',*,*,#1454,.T.);
#1454 = EDGE_CURVE('',#1455,#1455,#1457,.T.);
#1455 = VERTEX_POINT('',#1456);
#1456 = CARTESIAN_POINT('',(61.,-72.975,1.51));
#1457 = CIRCLE('',#1458,0.5);
#1458 = AXIS2_PLACEMENT_3D('',#1459,#1460,#1461);
#1459 = CARTESIAN_POINT('',(61.,-72.475,1.51));
#1460 = DIRECTION('',(-0.,0.,-1.));
#1461 = DIRECTION('',(-0.,-1.,0.));
#1462 = FACE_BOUND('',#1463,.T.);
#1463 = EDGE_LOOP('',(#1464));
#1464 = ORIENTED_EDGE('',*,*,#1465,.T.);
#1465 = EDGE_CURVE('',#1466,#1466,#1468,.T.);
#1466 = VERTEX_POINT('',#1467);
#1467 = CARTESIAN_POINT('',(63.5,-72.975,1.51));
#1468 = CIRCLE('',#1469,0.5);
#1469 = AXIS2_PLACEMENT_3D('',#1470,#1471,#1472);
#1470 = CARTESIAN_POINT('',(63.5,-72.475,1.51));
#1471 = DIRECTION('',(-0.,0.,-1.));
#1472 = DIRECTION('',(-0.,-1.,0.));
#1473 = FACE_BOUND('',#1474,.T.);
#1474 = EDGE_LOOP('',(#1475));
#1475 = ORIENTED_EDGE('',*,*,#1476,.T.);
#1476 = EDGE_CURVE('',#1477,#1477,#1479,.T.);
#1477 = VERTEX_POINT('',#1478);
#1478 = CARTESIAN_POINT('',(65.8,-65.875,1.51));
#1479 = CIRCLE('',#1480,0.9);
#1480 = AXIS2_PLACEMENT_3D('',#1481,#1482,#1483);
#1481 = CARTESIAN_POINT('',(65.8,-64.975,1.51));
#1482 = DIRECTION('',(-0.,0.,-1.));
#1483 = DIRECTION('',(-1.578983857245E-14,-1.,0.));
#1484 = FACE_BOUND('',#1485,.T.);
#1485 = EDGE_LOOP('',(#1486));
#1486 = ORIENTED_EDGE('',*,*,#1487,.T.);
#1487 = EDGE_CURVE('',#1488,#1488,#1490,.T.);
#1488 = VERTEX_POINT('',#1489);
#1489 = CARTESIAN_POINT('',(77.5,-72.975,1.51));
#1490 = CIRCLE('',#1491,0.5);
#1491 = AXIS2_PLACEMENT_3D('',#1492,#1493,#1494);
#1492 = CARTESIAN_POINT('',(77.5,-72.475,1.51));
#1493 = DIRECTION('',(-0.,0.,-1.));
#1494 = DIRECTION('',(-0.,-1.,0.));
#1495 = FACE_BOUND('',#1496,.T.);
#1496 = EDGE_LOOP('',(#1497));
#1497 = ORIENTED_EDGE('',*,*,#1498,.T.);
#1498 = EDGE_CURVE('',#1499,#1499,#1501,.T.);
#1499 = VERTEX_POINT('',#1500);
#1500 = CARTESIAN_POINT('',(75.2,-65.875,1.51));
#1501 = CIRCLE('',#1502,0.9);
#1502 = AXIS2_PLACEMENT_3D('',#1503,#1504,#1505);
#1503 = CARTESIAN_POINT('',(75.2,-64.975,1.51));
#1504 = DIRECTION('',(-0.,0.,-1.));
#1505 = DIRECTION('',(1.578983857245E-14,-1.,-0.));
#1506 = FACE_BOUND('',#1507,.T.);
#1507 = EDGE_LOOP('',(#1508));
#1508 = ORIENTED_EDGE('',*,*,#1509,.T.);
#1509 = EDGE_CURVE('',#1510,#1510,#1512,.T.);
#1510 = VERTEX_POINT('',#1511);
#1511 = CARTESIAN_POINT('',(80.,-93.975,1.51));
#1512 = CIRCLE('',#1513,0.5);
#1513 = AXIS2_PLACEMENT_3D('',#1514,#1515,#1516);
#1514 = CARTESIAN_POINT('',(80.,-93.475,1.51));
#1515 = DIRECTION('',(-0.,0.,-1.));
#1516 = DIRECTION('',(-0.,-1.,0.));
#1517 = FACE_BOUND('',#1518,.T.);
#1518 = EDGE_LOOP('',(#1519));
#1519 = ORIENTED_EDGE('',*,*,#1520,.T.);
#1520 = EDGE_CURVE('',#1521,#1521,#1523,.T.);
#1521 = VERTEX_POINT('',#1522);
#1522 = CARTESIAN_POINT('',(82.5,-93.975,1.51));
#1523 = CIRCLE('',#1524,0.5);
#1524 = AXIS2_PLACEMENT_3D('',#1525,#1526,#1527);
#1525 = CARTESIAN_POINT('',(82.5,-93.475,1.51));
#1526 = DIRECTION('',(-0.,0.,-1.));
#1527 = DIRECTION('',(-0.,-1.,0.));
#1528 = FACE_BOUND('',#1529,.T.);
#1529 = EDGE_LOOP('',(#1530));
#1530 = ORIENTED_EDGE('',*,*,#1531,.T.);
#1531 = EDGE_CURVE('',#1532,#1532,#1534,.T.);
#1532 = VERTEX_POINT('',#1533);
#1533 = CARTESIAN_POINT('',(84.8,-86.875,1.51));
#1534 = CIRCLE('',#1535,0.9);
#1535 = AXIS2_PLACEMENT_3D('',#1536,#1537,#1538);
#1536 = CARTESIAN_POINT('',(84.8,-85.975,1.51));
#1537 = DIRECTION('',(-0.,0.,-1.));
#1538 = DIRECTION('',(-1.578983857245E-14,-1.,0.));
#1539 = FACE_BOUND('',#1540,.T.);
#1540 = EDGE_LOOP('',(#1541));
#1541 = ORIENTED_EDGE('',*,*,#1542,.T.);
#1542 = EDGE_CURVE('',#1543,#1543,#1545,.T.);
#1543 = VERTEX_POINT('',#1544);
#1544 = CARTESIAN_POINT('',(96.5,-93.975,1.51));
#1545 = CIRCLE('',#1546,0.5);
#1546 = AXIS2_PLACEMENT_3D('',#1547,#1548,#1549);
#1547 = CARTESIAN_POINT('',(96.5,-93.475,1.51));
#1548 = DIRECTION('',(-0.,0.,-1.));
#1549 = DIRECTION('',(-0.,-1.,0.));
#1550 = FACE_BOUND('',#1551,.T.);
#1551 = EDGE_LOOP('',(#1552));
#1552 = ORIENTED_EDGE('',*,*,#1553,.T.);
#1553 = EDGE_CURVE('',#1554,#1554,#1556,.T.);
#1554 = VERTEX_POINT('',#1555);
#1555 = CARTESIAN_POINT('',(94.2,-86.875,1.51));
#1556 = CIRCLE('',#1557,0.9);
#1557 = AXIS2_PLACEMENT_3D('',#1558,#1559,#1560);
#1558 = CARTESIAN_POINT('',(94.2,-85.975,1.51));
#1559 = DIRECTION('',(-0.,0.,-1.));
#1560 = DIRECTION('',(1.578983857245E-14,-1.,-0.));
#1561 = FACE_BOUND('',#1562,.T.);
#1562 = EDGE_LOOP('',(#1563));
#1563 = ORIENTED_EDGE('',*,*,#1564,.T.);
#1564 = EDGE_CURVE('',#1565,#1565,#1567,.T.);
#1565 = VERTEX_POINT('',#1566);
#1566 = CARTESIAN_POINT('',(99.,-93.975,1.51));
#1567 = CIRCLE('',#1568,0.5);
#1568 = AXIS2_PLACEMENT_3D('',#1569,#1570,#1571);
#1569 = CARTESIAN_POINT('',(99.,-93.475,1.51));
#1570 = DIRECTION('',(-0.,0.,-1.));
#1571 = DIRECTION('',(-0.,-1.,0.));
#1572 = FACE_BOUND('',#1573,.T.);
#1573 = EDGE_LOOP('',(#1574));
#1574 = ORIENTED_EDGE('',*,*,#1575,.T.);
#1575 = EDGE_CURVE('',#1576,#1576,#1578,.T.);
#1576 = VERTEX_POINT('',#1577);
#1577 = CARTESIAN_POINT('',(101.5,-93.975,1.51));
#1578 = CIRCLE('',#1579,0.5);
#1579 = AXIS2_PLACEMENT_3D('',#1580,#1581,#1582);
#1580 = CARTESIAN_POINT('',(101.5,-93.475,1.51));
#1581 = DIRECTION('',(-0.,0.,-1.));
#1582 = DIRECTION('',(-0.,-1.,0.));
#1583 = FACE_BOUND('',#1584,.T.);
#1584 = EDGE_LOOP('',(#1585));
#1585 = ORIENTED_EDGE('',*,*,#1586,.T.);
#1586 = EDGE_CURVE('',#1587,#1587,#1589,.T.);
#1587 = VERTEX_POINT('',#1588);
#1588 = CARTESIAN_POINT('',(103.8,-86.875,1.51));
#1589 = CIRCLE('',#1590,0.9);
#1590 = AXIS2_PLACEMENT_3D('',#1591,#1592,#1593);
#1591 = CARTESIAN_POINT('',(103.8,-85.975,1.51));
#1592 = DIRECTION('',(-0.,0.,-1.));
#1593 = DIRECTION('',(-1.578983857245E-14,-1.,0.));
#1594 = FACE_BOUND('',#1595,.T.);
#1595 = EDGE_LOOP('',(#1596));
#1596 = ORIENTED_EDGE('',*,*,#1597,.T.);
#1597 = EDGE_CURVE('',#1598,#1598,#1600,.T.);
#1598 = VERTEX_POINT('',#1599);
#1599 = CARTESIAN_POINT('',(80.,-72.975,1.51));
#1600 = CIRCLE('',#1601,0.5);
#1601 = AXIS2_PLACEMENT_3D('',#1602,#1603,#1604);
#1602 = CARTESIAN_POINT('',(80.,-72.475,1.51));
#1603 = DIRECTION('',(-0.,0.,-1.));
#1604 = DIRECTION('',(-0.,-1.,0.));
#1605 = FACE_BOUND('',#1606,.T.);
#1606 = EDGE_LOOP('',(#1607));
#1607 = ORIENTED_EDGE('',*,*,#1608,.T.);
#1608 = EDGE_CURVE('',#1609,#1609,#1611,.T.);
#1609 = VERTEX_POINT('',#1610);
#1610 = CARTESIAN_POINT('',(82.5,-72.975,1.51));
#1611 = CIRCLE('',#1612,0.5);
#1612 = AXIS2_PLACEMENT_3D('',#1613,#1614,#1615);
#1613 = CARTESIAN_POINT('',(82.5,-72.475,1.51));
#1614 = DIRECTION('',(-0.,0.,-1.));
#1615 = DIRECTION('',(-0.,-1.,0.));
#1616 = FACE_BOUND('',#1617,.T.);
#1617 = EDGE_LOOP('',(#1618));
#1618 = ORIENTED_EDGE('',*,*,#1619,.T.);
#1619 = EDGE_CURVE('',#1620,#1620,#1622,.T.);
#1620 = VERTEX_POINT('',#1621);
#1621 = CARTESIAN_POINT('',(84.8,-65.875,1.51));
#1622 = CIRCLE('',#1623,0.9);
#1623 = AXIS2_PLACEMENT_3D('',#1624,#1625,#1626);
#1624 = CARTESIAN_POINT('',(84.8,-64.975,1.51));
#1625 = DIRECTION('',(-0.,0.,-1.));
#1626 = DIRECTION('',(-1.578983857245E-14,-1.,0.));
#1627 = FACE_BOUND('',#1628,.T.);
#1628 = EDGE_LOOP('',(#1629));
#1629 = ORIENTED_EDGE('',*,*,#1630,.T.);
#1630 = EDGE_CURVE('',#1631,#1631,#1633,.T.);
#1631 = VERTEX_POINT('',#1632);
#1632 = CARTESIAN_POINT('',(96.5,-72.975,1.51));
#1633 = CIRCLE('',#1634,0.5);
#1634 = AXIS2_PLACEMENT_3D('',#1635,#1636,#1637);
#1635 = CARTESIAN_POINT('',(96.5,-72.475,1.51));
#1636 = DIRECTION('',(-0.,0.,-1.));
#1637 = DIRECTION('',(-0.,-1.,0.));
#1638 = FACE_BOUND('',#1639,.T.);
#1639 = EDGE_LOOP('',(#1640));
#1640 = ORIENTED_EDGE('',*,*,#1641,.T.);
#1641 = EDGE_CURVE('',#1642,#1642,#1644,.T.);
#1642 = VERTEX_POINT('',#1643);
#1643 = CARTESIAN_POINT('',(94.2,-65.875,1.51));
#1644 = CIRCLE('',#1645,0.9);
#1645 = AXIS2_PLACEMENT_3D('',#1646,#1647,#1648);
#1646 = CARTESIAN_POINT('',(94.2,-64.975,1.51));
#1647 = DIRECTION('',(-0.,0.,-1.));
#1648 = DIRECTION('',(1.578983857245E-14,-1.,-0.));
#1649 = FACE_BOUND('',#1650,.T.);
#1650 = EDGE_LOOP('',(#1651));
#1651 = ORIENTED_EDGE('',*,*,#1652,.T.);
#1652 = EDGE_CURVE('',#1653,#1653,#1655,.T.);
#1653 = VERTEX_POINT('',#1654);
#1654 = CARTESIAN_POINT('',(99.,-72.975,1.51));
#1655 = CIRCLE('',#1656,0.5);
#1656 = AXIS2_PLACEMENT_3D('',#1657,#1658,#1659);
#1657 = CARTESIAN_POINT('',(99.,-72.475,1.51));
#1658 = DIRECTION('',(-0.,0.,-1.));
#1659 = DIRECTION('',(-0.,-1.,0.));
#1660 = FACE_BOUND('',#1661,.T.);
#1661 = EDGE_LOOP('',(#1662));
#1662 = ORIENTED_EDGE('',*,*,#1663,.T.);
#1663 = EDGE_CURVE('',#1664,#1664,#1666,.T.);
#1664 = VERTEX_POINT('',#1665);
#1665 = CARTESIAN_POINT('',(101.5,-72.975,1.51));
#1666 = CIRCLE('',#1667,0.5);
#1667 = AXIS2_PLACEMENT_3D('',#1668,#1669,#1670);
#1668 = CARTESIAN_POINT('',(101.5,-72.475,1.51));
#1669 = DIRECTION('',(-0.,0.,-1.));
#1670 = DIRECTION('',(-0.,-1.,0.));
#1671 = FACE_BOUND('',#1672,.T.);
#1672 = EDGE_LOOP('',(#1673));
#1673 = ORIENTED_EDGE('',*,*,#1674,.T.);
#1674 = EDGE_CURVE('',#1675,#1675,#1677,.T.);
#1675 = VERTEX_POINT('',#1676);
#1676 = CARTESIAN_POINT('',(103.8,-65.875,1.51));
#1677 = CIRCLE('',#1678,0.9);
#1678 = AXIS2_PLACEMENT_3D('',#1679,#1680,#1681);
#1679 = CARTESIAN_POINT('',(103.8,-64.975,1.51));
#1680 = DIRECTION('',(-0.,0.,-1.));
#1681 = DIRECTION('',(-1.578983857245E-14,-1.,0.));
#1682 = PLANE('',#1683);
#1683 = AXIS2_PLACEMENT_3D('',#1684,#1685,#1686);
#1684 = CARTESIAN_POINT('',(0.,0.,1.51));
#1685 = DIRECTION('',(0.,0.,1.));
#1686 = DIRECTION('',(1.,0.,-0.));
#1687 = ADVANCED_FACE('',(#1688),#1699,.T.);
#1688 = FACE_BOUND('',#1689,.T.);
#1689 = EDGE_LOOP('',(#1690,#1696,#1697,#1698));
#1690 = ORIENTED_EDGE('',*,*,#1691,.T.);
#1691 = EDGE_CURVE('',#144,#919,#1692,.T.);
#1692 = LINE('',#1693,#1694);
#1693 = CARTESIAN_POINT('',(56.5,-50.5,0.));
#1694 = VECTOR('',#1695,1.);
#1695 = DIRECTION('',(0.,0.,1.));
#1696 = ORIENTED_EDGE('',*,*,#918,.T.);
#1697 = ORIENTED_EDGE('',*,*,#79,.F.);
#1698 = ORIENTED_EDGE('',*,*,#143,.F.);
#1699 = PLANE('',#1700);
#1700 = AXIS2_PLACEMENT_3D('',#1701,#1702,#1703);
#1701 = CARTESIAN_POINT('',(56.5,-50.5,0.));
#1702 = DIRECTION('',(0.,1.,0.));
#1703 = DIRECTION('',(1.,0.,0.));
#1704 = ADVANCED_FACE('',(#1705),#1716,.T.);
#1705 = FACE_BOUND('',#1706,.T.);
#1706 = EDGE_LOOP('',(#1707,#1708,#1709,#1710));
#1707 = ORIENTED_EDGE('',*,*,#243,.F.);
#1708 = ORIENTED_EDGE('',*,*,#119,.T.);
#1709 = ORIENTED_EDGE('',*,*,#1018,.T.);
#1710 = ORIENTED_EDGE('',*,*,#1711,.T.);
#1711 = EDGE_CURVE('',#1010,#235,#1712,.T.);
#1712 = LINE('',#1713,#1714);
#1713 = CARTESIAN_POINT('',(64.991,-145.25,-4.6E-02));
#1714 = VECTOR('',#1715,1.);
#1715 = DIRECTION('',(-0.,-0.,-1.));
#1716 = PLANE('',#1717);
#1717 = AXIS2_PLACEMENT_3D('',#1718,#1719,#1720);
#1718 = CARTESIAN_POINT('',(109.5,-145.25,0.));
#1719 = DIRECTION('',(0.,-1.,0.));
#1720 = DIRECTION('',(-1.,0.,0.));
#1721 = ADVANCED_FACE('',(#1722),#1733,.F.);
#1722 = FACE_BOUND('',#1723,.T.);
#1723 = EDGE_LOOP('',(#1724,#1725,#1726,#1732));
#1724 = ORIENTED_EDGE('',*,*,#1711,.F.);
#1725 = ORIENTED_EDGE('',*,*,#1009,.F.);
#1726 = ORIENTED_EDGE('',*,*,#1727,.T.);
#1727 = EDGE_CURVE('',#1002,#227,#1728,.T.);
#1728 = LINE('',#1729,#1730);
#1729 = CARTESIAN_POINT('',(64.091,-145.25,-4.6E-02));
#1730 = VECTOR('',#1731,1.);
#1731 = DIRECTION('',(-0.,-0.,-1.));
#1732 = ORIENTED_EDGE('',*,*,#234,.T.);
#1733 = CYLINDRICAL_SURFACE('',#1734,0.45);
#1734 = AXIS2_PLACEMENT_3D('',#1735,#1736,#1737);
#1735 = CARTESIAN_POINT('',(64.541,-145.25,-4.6E-02));
#1736 = DIRECTION('',(-0.,-0.,-1.));
#1737 = DIRECTION('',(-0.,-1.,0.));
#1738 = ADVANCED_FACE('',(#1739),#1750,.T.);
#1739 = FACE_BOUND('',#1740,.T.);
#1740 = EDGE_LOOP('',(#1741,#1742,#1743,#1744));
#1741 = ORIENTED_EDGE('',*,*,#226,.F.);
#1742 = ORIENTED_EDGE('',*,*,#1727,.F.);
#1743 = ORIENTED_EDGE('',*,*,#1001,.T.);
#1744 = ORIENTED_EDGE('',*,*,#1745,.T.);
#1745 = EDGE_CURVE('',#993,#218,#1746,.T.);
#1746 = LINE('',#1747,#1748);
#1747 = CARTESIAN_POINT('',(63.721,-145.25,-4.6E-02));
#1748 = VECTOR('',#1749,1.);
#1749 = DIRECTION('',(-0.,-0.,-1.));
#1750 = PLANE('',#1751);
#1751 = AXIS2_PLACEMENT_3D('',#1752,#1753,#1754);
#1752 = CARTESIAN_POINT('',(109.5,-145.25,0.));
#1753 = DIRECTION('',(0.,-1.,0.));
#1754 = DIRECTION('',(-1.,0.,0.));
#1755 = ADVANCED_FACE('',(#1756),#1767,.F.);
#1756 = FACE_BOUND('',#1757,.T.);
#1757 = EDGE_LOOP('',(#1758,#1759,#1760,#1766));
#1758 = ORIENTED_EDGE('',*,*,#1745,.F.);
#1759 = ORIENTED_EDGE('',*,*,#992,.F.);
#1760 = ORIENTED_EDGE('',*,*,#1761,.T.);
#1761 = EDGE_CURVE('',#985,#210,#1762,.T.);
#1762 = LINE('',#1763,#1764);
#1763 = CARTESIAN_POINT('',(62.821,-145.25,-4.6E-02));
#1764 = VECTOR('',#1765,1.);
#1765 = DIRECTION('',(-0.,-0.,-1.));
#1766 = ORIENTED_EDGE('',*,*,#217,.T.);
#1767 = CYLINDRICAL_SURFACE('',#1768,0.45);
#1768 = AXIS2_PLACEMENT_3D('',#1769,#1770,#1771);
#1769 = CARTESIAN_POINT('',(63.271,-145.25,-4.6E-02));
#1770 = DIRECTION('',(-0.,-0.,-1.));
#1771 = DIRECTION('',(-0.,-1.,0.));
#1772 = ADVANCED_FACE('',(#1773),#1784,.T.);
#1773 = FACE_BOUND('',#1774,.T.);
#1774 = EDGE_LOOP('',(#1775,#1776,#1777,#1778));
#1775 = ORIENTED_EDGE('',*,*,#209,.F.);
#1776 = ORIENTED_EDGE('',*,*,#1761,.F.);
#1777 = ORIENTED_EDGE('',*,*,#984,.T.);
#1778 = ORIENTED_EDGE('',*,*,#1779,.T.);
#1779 = EDGE_CURVE('',#976,#201,#1780,.T.);
#1780 = LINE('',#1781,#1782);
#1781 = CARTESIAN_POINT('',(62.451,-145.25,-4.6E-02));
#1782 = VECTOR('',#1783,1.);
#1783 = DIRECTION('',(-0.,-0.,-1.));
#1784 = PLANE('',#1785);
#1785 = AXIS2_PLACEMENT_3D('',#1786,#1787,#1788);
#1786 = CARTESIAN_POINT('',(109.5,-145.25,0.));
#1787 = DIRECTION('',(0.,-1.,0.));
#1788 = DIRECTION('',(-1.,0.,0.));
#1789 = ADVANCED_FACE('',(#1790),#1801,.F.);
#1790 = FACE_BOUND('',#1791,.T.);
#1791 = EDGE_LOOP('',(#1792,#1793,#1794,#1800));
#1792 = ORIENTED_EDGE('',*,*,#1779,.F.);
#1793 = ORIENTED_EDGE('',*,*,#975,.F.);
#1794 = ORIENTED_EDGE('',*,*,#1795,.T.);
#1795 = EDGE_CURVE('',#968,#193,#1796,.T.);
#1796 = LINE('',#1797,#1798);
#1797 = CARTESIAN_POINT('',(61.551,-145.25,-4.6E-02));
#1798 = VECTOR('',#1799,1.);
#1799 = DIRECTION('',(-0.,-0.,-1.));
#1800 = ORIENTED_EDGE('',*,*,#200,.T.);
#1801 = CYLINDRICAL_SURFACE('',#1802,0.45);
#1802 = AXIS2_PLACEMENT_3D('',#1803,#1804,#1805);
#1803 = CARTESIAN_POINT('',(62.001,-145.25,-4.6E-02));
#1804 = DIRECTION('',(-0.,-0.,-1.));
#1805 = DIRECTION('',(-1.578983857245E-14,-1.,0.));
#1806 = ADVANCED_FACE('',(#1807),#1818,.T.);
#1807 = FACE_BOUND('',#1808,.T.);
#1808 = EDGE_LOOP('',(#1809,#1810,#1811,#1812));
#1809 = ORIENTED_EDGE('',*,*,#192,.F.);
#1810 = ORIENTED_EDGE('',*,*,#1795,.F.);
#1811 = ORIENTED_EDGE('',*,*,#967,.T.);
#1812 = ORIENTED_EDGE('',*,*,#1813,.T.);
#1813 = EDGE_CURVE('',#959,#184,#1814,.T.);
#1814 = LINE('',#1815,#1816);
#1815 = CARTESIAN_POINT('',(61.181,-145.25,-4.6E-02));
#1816 = VECTOR('',#1817,1.);
#1817 = DIRECTION('',(-0.,0.,-1.));
#1818 = PLANE('',#1819);
#1819 = AXIS2_PLACEMENT_3D('',#1820,#1821,#1822);
#1820 = CARTESIAN_POINT('',(109.5,-145.25,0.));
#1821 = DIRECTION('',(0.,-1.,0.));
#1822 = DIRECTION('',(-1.,0.,0.));
#1823 = ADVANCED_FACE('',(#1824),#1835,.F.);
#1824 = FACE_BOUND('',#1825,.T.);
#1825 = EDGE_LOOP('',(#1826,#1827,#1828,#1834));
#1826 = ORIENTED_EDGE('',*,*,#1813,.F.);
#1827 = ORIENTED_EDGE('',*,*,#958,.F.);
#1828 = ORIENTED_EDGE('',*,*,#1829,.T.);
#1829 = EDGE_CURVE('',#951,#176,#1830,.T.);
#1830 = LINE('',#1831,#1832);
#1831 = CARTESIAN_POINT('',(60.281,-145.25,-4.6E-02));
#1832 = VECTOR('',#1833,1.);
#1833 = DIRECTION('',(-0.,0.,-1.));
#1834 = ORIENTED_EDGE('',*,*,#183,.T.);
#1835 = CYLINDRICAL_SURFACE('',#1836,0.45);
#1836 = AXIS2_PLACEMENT_3D('',#1837,#1838,#1839);
#1837 = CARTESIAN_POINT('',(60.731,-145.25,-4.6E-02));
#1838 = DIRECTION('',(-0.,0.,-1.));
#1839 = DIRECTION('',(1.578983857245E-14,-1.,-0.));
#1840 = ADVANCED_FACE('',(#1841),#1852,.T.);
#1841 = FACE_BOUND('',#1842,.T.);
#1842 = EDGE_LOOP('',(#1843,#1844,#1845,#1846));
#1843 = ORIENTED_EDGE('',*,*,#175,.F.);
#1844 = ORIENTED_EDGE('',*,*,#1829,.F.);
#1845 = ORIENTED_EDGE('',*,*,#950,.T.);
#1846 = ORIENTED_EDGE('',*,*,#1847,.F.);
#1847 = EDGE_CURVE('',#168,#943,#1848,.T.);
#1848 = LINE('',#1849,#1850);
#1849 = CARTESIAN_POINT('',(50.5,-145.25,0.));
#1850 = VECTOR('',#1851,1.);
#1851 = DIRECTION('',(0.,0.,1.));
#1852 = PLANE('',#1853);
#1853 = AXIS2_PLACEMENT_3D('',#1854,#1855,#1856);
#1854 = CARTESIAN_POINT('',(109.5,-145.25,0.));
#1855 = DIRECTION('',(0.,-1.,0.));
#1856 = DIRECTION('',(-1.,0.,0.));
#1857 = ADVANCED_FACE('',(#1858),#1869,.T.);
#1858 = FACE_BOUND('',#1859,.T.);
#1859 = EDGE_LOOP('',(#1860,#1861,#1862,#1868));
#1860 = ORIENTED_EDGE('',*,*,#1847,.T.);
#1861 = ORIENTED_EDGE('',*,*,#942,.T.);
#1862 = ORIENTED_EDGE('',*,*,#1863,.F.);
#1863 = EDGE_CURVE('',#160,#935,#1864,.T.);
#1864 = LINE('',#1865,#1866);
#1865 = CARTESIAN_POINT('',(50.5,-56.5,0.));
#1866 = VECTOR('',#1867,1.);
#1867 = DIRECTION('',(0.,0.,1.));
#1868 = ORIENTED_EDGE('',*,*,#167,.F.);
#1869 = PLANE('',#1870);
#1870 = AXIS2_PLACEMENT_3D('',#1871,#1872,#1873);
#1871 = CARTESIAN_POINT('',(50.5,-145.25,0.));
#1872 = DIRECTION('',(-1.,0.,0.));
#1873 = DIRECTION('',(0.,1.,0.));
#1874 = ADVANCED_FACE('',(#1875),#1886,.T.);
#1875 = FACE_BOUND('',#1876,.T.);
#1876 = EDGE_LOOP('',(#1877,#1878,#1879,#1885));
#1877 = ORIENTED_EDGE('',*,*,#1863,.T.);
#1878 = ORIENTED_EDGE('',*,*,#934,.T.);
#1879 = ORIENTED_EDGE('',*,*,#1880,.F.);
#1880 = EDGE_CURVE('',#152,#927,#1881,.T.);
#1881 = LINE('',#1882,#1883);
#1882 = CARTESIAN_POINT('',(56.5,-56.5,0.));
#1883 = VECTOR('',#1884,1.);
#1884 = DIRECTION('',(0.,0.,1.));
#1885 = ORIENTED_EDGE('',*,*,#159,.F.);
#1886 = PLANE('',#1887);
#1887 = AXIS2_PLACEMENT_3D('',#1888,#1889,#1890);
#1888 = CARTESIAN_POINT('',(50.5,-56.5,0.));
#1889 = DIRECTION('',(0.,1.,0.));
#1890 = DIRECTION('',(1.,0.,0.));
#1891 = ADVANCED_FACE('',(#1892),#1898,.T.);
#1892 = FACE_BOUND('',#1893,.T.);
#1893 = EDGE_LOOP('',(#1894,#1895,#1896,#1897));
#1894 = ORIENTED_EDGE('',*,*,#1880,.T.);
#1895 = ORIENTED_EDGE('',*,*,#926,.T.);
#1896 = ORIENTED_EDGE('',*,*,#1691,.F.);
#1897 = ORIENTED_EDGE('',*,*,#151,.F.);
#1898 = PLANE('',#1899);
#1899 = AXIS2_PLACEMENT_3D('',#1900,#1901,#1902);
#1900 = CARTESIAN_POINT('',(56.5,-56.5,0.));
#1901 = DIRECTION('',(-1.,0.,0.));
#1902 = DIRECTION('',(0.,1.,0.));
#1903 = ADVANCED_FACE('',(#1904),#1915,.F.);
#1904 = FACE_BOUND('',#1905,.T.);
#1905 = EDGE_LOOP('',(#1906,#1907,#1913,#1914));
#1906 = ORIENTED_EDGE('',*,*,#252,.T.);
#1907 = ORIENTED_EDGE('',*,*,#1908,.T.);
#1908 = EDGE_CURVE('',#253,#1028,#1909,.T.);
#1909 = LINE('',#1910,#1911);
#1910 = CARTESIAN_POINT('',(75.7805,-145.052,-4.6E-02));
#1911 = VECTOR('',#1912,1.);
#1912 = DIRECTION('',(0.,0.,1.));
#1913 = ORIENTED_EDGE('',*,*,#1027,.F.);
#1914 = ORIENTED_EDGE('',*,*,#1908,.F.);
#1915 = CYLINDRICAL_SURFACE('',#1916,0.5);
#1916 = AXIS2_PLACEMENT_3D('',#1917,#1918,#1919);
#1917 = CARTESIAN_POINT('',(75.7805,-144.552,-4.6E-02));
#1918 = DIRECTION('',(-0.,-0.,-1.));
#1919 = DIRECTION('',(-0.,-1.,0.));
#1920 = ADVANCED_FACE('',(#1921),#1932,.F.);
#1921 = FACE_BOUND('',#1922,.T.);
#1922 = EDGE_LOOP('',(#1923,#1924,#1930,#1931));
#1923 = ORIENTED_EDGE('',*,*,#263,.T.);
#1924 = ORIENTED_EDGE('',*,*,#1925,.T.);
#1925 = EDGE_CURVE('',#264,#1039,#1926,.T.);
#1926 = LINE('',#1927,#1928);
#1927 = CARTESIAN_POINT('',(78.3205,-145.052,-4.6E-02));
#1928 = VECTOR('',#1929,1.);
#1929 = DIRECTION('',(0.,0.,1.));
#1930 = ORIENTED_EDGE('',*,*,#1038,.F.);
#1931 = ORIENTED_EDGE('',*,*,#1925,.F.);
#1932 = CYLINDRICAL_SURFACE('',#1933,0.5);
#1933 = AXIS2_PLACEMENT_3D('',#1934,#1935,#1936);
#1934 = CARTESIAN_POINT('',(78.3205,-144.552,-4.6E-02));
#1935 = DIRECTION('',(-0.,-0.,-1.));
#1936 = DIRECTION('',(-0.,-1.,0.));
#1937 = ADVANCED_FACE('',(#1938),#1949,.F.);
#1938 = FACE_BOUND('',#1939,.T.);
#1939 = EDGE_LOOP('',(#1940,#1941,#1947,#1948));
#1940 = ORIENTED_EDGE('',*,*,#274,.T.);
#1941 = ORIENTED_EDGE('',*,*,#1942,.T.);
#1942 = EDGE_CURVE('',#275,#1050,#1943,.T.);
#1943 = LINE('',#1944,#1945);
#1944 = CARTESIAN_POINT('',(56.5,-116.5695,-4.6E-02));
#1945 = VECTOR('',#1946,1.);
#1946 = DIRECTION('',(0.,0.,1.));
#1947 = ORIENTED_EDGE('',*,*,#1049,.F.);
#1948 = ORIENTED_EDGE('',*,*,#1942,.F.);
#1949 = CYLINDRICAL_SURFACE('',#1950,0.4445);
#1950 = AXIS2_PLACEMENT_3D('',#1951,#1952,#1953);
#1951 = CARTESIAN_POINT('',(56.5,-116.125,-4.6E-02));
#1952 = DIRECTION('',(-0.,-0.,-1.));
#1953 = DIRECTION('',(-0.,-1.,0.));
#1954 = ADVANCED_FACE('',(#1955),#1966,.F.);
#1955 = FACE_BOUND('',#1956,.T.);
#1956 = EDGE_LOOP('',(#1957,#1958,#1964,#1965));
#1957 = ORIENTED_EDGE('',*,*,#285,.T.);
#1958 = ORIENTED_EDGE('',*,*,#1959,.T.);
#1959 = EDGE_CURVE('',#286,#1061,#1960,.T.);
#1960 = LINE('',#1961,#1962);
#1961 = CARTESIAN_POINT('',(59.,-116.5695,-4.6E-02));
#1962 = VECTOR('',#1963,1.);
#1963 = DIRECTION('',(0.,0.,1.));
#1964 = ORIENTED_EDGE('',*,*,#1060,.F.);
#1965 = ORIENTED_EDGE('',*,*,#1959,.F.);
#1966 = CYLINDRICAL_SURFACE('',#1967,0.4445);
#1967 = AXIS2_PLACEMENT_3D('',#1968,#1969,#1970);
#1968 = CARTESIAN_POINT('',(59.,-116.125,-4.6E-02));
#1969 = DIRECTION('',(-0.,-0.,-1.));
#1970 = DIRECTION('',(-0.,-1.,0.));
#1971 = ADVANCED_FACE('',(#1972),#1983,.F.);
#1972 = FACE_BOUND('',#1973,.T.);
#1973 = EDGE_LOOP('',(#1974,#1975,#1981,#1982));
#1974 = ORIENTED_EDGE('',*,*,#296,.T.);
#1975 = ORIENTED_EDGE('',*,*,#1976,.T.);
#1976 = EDGE_CURVE('',#297,#1072,#1977,.T.);
#1977 = LINE('',#1978,#1979);
#1978 = CARTESIAN_POINT('',(61.5,-116.5695,-4.6E-02));
#1979 = VECTOR('',#1980,1.);
#1980 = DIRECTION('',(0.,0.,1.));
#1981 = ORIENTED_EDGE('',*,*,#1071,.F.);
#1982 = ORIENTED_EDGE('',*,*,#1976,.F.);
#1983 = CYLINDRICAL_SURFACE('',#1984,0.4445);
#1984 = AXIS2_PLACEMENT_3D('',#1985,#1986,#1987);
#1985 = CARTESIAN_POINT('',(61.5,-116.125,-4.6E-02));
#1986 = DIRECTION('',(-0.,-0.,-1.));
#1987 = DIRECTION('',(-0.,-1.,0.));
#1988 = ADVANCED_FACE('',(#1989),#2000,.F.);
#1989 = FACE_BOUND('',#1990,.T.);
#1990 = EDGE_LOOP('',(#1991,#1992,#1998,#1999));
#1991 = ORIENTED_EDGE('',*,*,#307,.T.);
#1992 = ORIENTED_EDGE('',*,*,#1993,.T.);
#1993 = EDGE_CURVE('',#308,#1083,#1994,.T.);
#1994 = LINE('',#1995,#1996);
#1995 = CARTESIAN_POINT('',(64.,-116.5695,-4.6E-02));
#1996 = VECTOR('',#1997,1.);
#1997 = DIRECTION('',(0.,0.,1.));
#1998 = ORIENTED_EDGE('',*,*,#1082,.F.);
#1999 = ORIENTED_EDGE('',*,*,#1993,.F.);
#2000 = CYLINDRICAL_SURFACE('',#2001,0.4445);
#2001 = AXIS2_PLACEMENT_3D('',#2002,#2003,#2004);
#2002 = CARTESIAN_POINT('',(64.,-116.125,-4.6E-02));
#2003 = DIRECTION('',(-0.,-0.,-1.));
#2004 = DIRECTION('',(-0.,-1.,0.));
#2005 = ADVANCED_FACE('',(#2006),#2017,.F.);
#2006 = FACE_BOUND('',#2007,.T.);
#2007 = EDGE_LOOP('',(#2008,#2009,#2015,#2016));
#2008 = ORIENTED_EDGE('',*,*,#318,.T.);
#2009 = ORIENTED_EDGE('',*,*,#2010,.T.);
#2010 = EDGE_CURVE('',#319,#1094,#2011,.T.);
#2011 = LINE('',#2012,#2013);
#2012 = CARTESIAN_POINT('',(53.5,-106.8783,-4.6E-02));
#2013 = VECTOR('',#2014,1.);
#2014 = DIRECTION('',(0.,0.,1.));
#2015 = ORIENTED_EDGE('',*,*,#1093,.F.);
#2016 = ORIENTED_EDGE('',*,*,#2010,.F.);
#2017 = CYLINDRICAL_SURFACE('',#2018,1.0033);
#2018 = AXIS2_PLACEMENT_3D('',#2019,#2020,#2021);
#2019 = CARTESIAN_POINT('',(53.5,-105.875,-4.6E-02));
#2020 = DIRECTION('',(-0.,-0.,-1.));
#2021 = DIRECTION('',(-0.,-1.,0.));
#2022 = ADVANCED_FACE('',(#2023),#2034,.F.);
#2023 = FACE_BOUND('',#2024,.T.);
#2024 = EDGE_LOOP('',(#2025,#2026,#2032,#2033));
#2025 = ORIENTED_EDGE('',*,*,#329,.T.);
#2026 = ORIENTED_EDGE('',*,*,#2027,.T.);
#2027 = EDGE_CURVE('',#330,#1105,#2028,.T.);
#2028 = LINE('',#2029,#2030);
#2029 = CARTESIAN_POINT('',(66.5,-116.5695,-4.6E-02));
#2030 = VECTOR('',#2031,1.);
#2031 = DIRECTION('',(0.,0.,1.));
#2032 = ORIENTED_EDGE('',*,*,#1104,.F.);
#2033 = ORIENTED_EDGE('',*,*,#2027,.F.);
#2034 = CYLINDRICAL_SURFACE('',#2035,0.4445);
#2035 = AXIS2_PLACEMENT_3D('',#2036,#2037,#2038);
#2036 = CARTESIAN_POINT('',(66.5,-116.125,-4.6E-02));
#2037 = DIRECTION('',(-0.,-0.,-1.));
#2038 = DIRECTION('',(-0.,-1.,0.));
#2039 = ADVANCED_FACE('',(#2040),#2051,.F.);
#2040 = FACE_BOUND('',#2041,.T.);
#2041 = EDGE_LOOP('',(#2042,#2043,#2049,#2050));
#2042 = ORIENTED_EDGE('',*,*,#340,.T.);
#2043 = ORIENTED_EDGE('',*,*,#2044,.T.);
#2044 = EDGE_CURVE('',#341,#1116,#2045,.T.);
#2045 = LINE('',#2046,#2047);
#2046 = CARTESIAN_POINT('',(69.5,-106.8783,-4.6E-02));
#2047 = VECTOR('',#2048,1.);
#2048 = DIRECTION('',(0.,0.,1.));
#2049 = ORIENTED_EDGE('',*,*,#1115,.F.);
#2050 = ORIENTED_EDGE('',*,*,#2044,.F.);
#2051 = CYLINDRICAL_SURFACE('',#2052,1.0033);
#2052 = AXIS2_PLACEMENT_3D('',#2053,#2054,#2055);
#2053 = CARTESIAN_POINT('',(69.5,-105.875,-4.6E-02));
#2054 = DIRECTION('',(-0.,-0.,-1.));
#2055 = DIRECTION('',(-0.,-1.,0.));
#2056 = ADVANCED_FACE('',(#2057),#2073,.F.);
#2057 = FACE_BOUND('',#2058,.T.);
#2058 = EDGE_LOOP('',(#2059,#2060,#2066,#2067));
#2059 = ORIENTED_EDGE('',*,*,#351,.T.);
#2060 = ORIENTED_EDGE('',*,*,#2061,.T.);
#2061 = EDGE_CURVE('',#354,#1129,#2062,.T.);
#2062 = LINE('',#2063,#2064);
#2063 = CARTESIAN_POINT('',(74.8,-107.575,-4.6E-02));
#2064 = VECTOR('',#2065,1.);
#2065 = DIRECTION('',(0.,0.,1.));
#2066 = ORIENTED_EDGE('',*,*,#1126,.F.);
#2067 = ORIENTED_EDGE('',*,*,#2068,.F.);
#2068 = EDGE_CURVE('',#352,#1127,#2069,.T.);
#2069 = LINE('',#2070,#2071);
#2070 = CARTESIAN_POINT('',(75.8,-107.575,-4.6E-02));
#2071 = VECTOR('',#2072,1.);
#2072 = DIRECTION('',(0.,0.,1.));
#2073 = CYLINDRICAL_SURFACE('',#2074,0.5);
#2074 = AXIS2_PLACEMENT_3D('',#2075,#2076,#2077);
#2075 = CARTESIAN_POINT('',(75.3,-107.575,-4.6E-02));
#2076 = DIRECTION('',(-0.,-0.,-1.));
#2077 = DIRECTION('',(-1.,0.,-0.));
#2078 = ADVANCED_FACE('',(#2079),#2090,.T.);
#2079 = FACE_BOUND('',#2080,.T.);
#2080 = EDGE_LOOP('',(#2081,#2082,#2083,#2084));
#2081 = ORIENTED_EDGE('',*,*,#379,.T.);
#2082 = ORIENTED_EDGE('',*,*,#2068,.T.);
#2083 = ORIENTED_EDGE('',*,*,#1154,.F.);
#2084 = ORIENTED_EDGE('',*,*,#2085,.F.);
#2085 = EDGE_CURVE('',#371,#1146,#2086,.T.);
#2086 = LINE('',#2087,#2088);
#2087 = CARTESIAN_POINT('',(75.8,-106.375,-4.6E-02));
#2088 = VECTOR('',#2089,1.);
#2089 = DIRECTION('',(0.,0.,1.));
#2090 = PLANE('',#2091);
#2091 = AXIS2_PLACEMENT_3D('',#2092,#2093,#2094);
#2092 = CARTESIAN_POINT('',(75.8,-107.575,-4.6E-02));
#2093 = DIRECTION('',(-1.,0.,0.));
#2094 = DIRECTION('',(0.,1.,0.));
#2095 = ADVANCED_FACE('',(#2096),#2107,.F.);
#2096 = FACE_BOUND('',#2097,.T.);
#2097 = EDGE_LOOP('',(#2098,#2099,#2100,#2101));
#2098 = ORIENTED_EDGE('',*,*,#370,.T.);
#2099 = ORIENTED_EDGE('',*,*,#2085,.T.);
#2100 = ORIENTED_EDGE('',*,*,#1145,.F.);
#2101 = ORIENTED_EDGE('',*,*,#2102,.F.);
#2102 = EDGE_CURVE('',#363,#1138,#2103,.T.);
#2103 = LINE('',#2104,#2105);
#2104 = CARTESIAN_POINT('',(74.8,-106.375,-4.6E-02));
#2105 = VECTOR('',#2106,1.);
#2106 = DIRECTION('',(0.,0.,1.));
#2107 = CYLINDRICAL_SURFACE('',#2108,0.5);
#2108 = AXIS2_PLACEMENT_3D('',#2109,#2110,#2111);
#2109 = CARTESIAN_POINT('',(75.3,-106.375,-4.6E-02));
#2110 = DIRECTION('',(-0.,-0.,-1.));
#2111 = DIRECTION('',(1.,0.,-0.));
#2112 = ADVANCED_FACE('',(#2113),#2119,.T.);
#2113 = FACE_BOUND('',#2114,.T.);
#2114 = EDGE_LOOP('',(#2115,#2116,#2117,#2118));
#2115 = ORIENTED_EDGE('',*,*,#362,.T.);
#2116 = ORIENTED_EDGE('',*,*,#2102,.T.);
#2117 = ORIENTED_EDGE('',*,*,#1137,.F.);
#2118 = ORIENTED_EDGE('',*,*,#2061,.F.);
#2119 = PLANE('',#2120);
#2120 = AXIS2_PLACEMENT_3D('',#2121,#2122,#2123);
#2121 = CARTESIAN_POINT('',(74.8,-106.375,-4.6E-02));
#2122 = DIRECTION('',(1.,0.,-0.));
#2123 = DIRECTION('',(0.,-1.,0.));
#2124 = ADVANCED_FACE('',(#2125),#2136,.F.);
#2125 = FACE_BOUND('',#2126,.T.);
#2126 = EDGE_LOOP('',(#2127,#2128,#2134,#2135));
#2127 = ORIENTED_EDGE('',*,*,#387,.T.);
#2128 = ORIENTED_EDGE('',*,*,#2129,.T.);
#2129 = EDGE_CURVE('',#388,#1163,#2130,.T.);
#2130 = LINE('',#2131,#2132);
#2131 = CARTESIAN_POINT('',(81.305,-145.052,-4.6E-02));
#2132 = VECTOR('',#2133,1.);
#2133 = DIRECTION('',(0.,0.,1.));
#2134 = ORIENTED_EDGE('',*,*,#1162,.F.);
#2135 = ORIENTED_EDGE('',*,*,#2129,.F.);
#2136 = CYLINDRICAL_SURFACE('',#2137,0.5);
#2137 = AXIS2_PLACEMENT_3D('',#2138,#2139,#2140);
#2138 = CARTESIAN_POINT('',(81.305,-144.552,-4.6E-02));
#2139 = DIRECTION('',(-0.,-0.,-1.));
#2140 = DIRECTION('',(-0.,-1.,0.));
#2141 = ADVANCED_FACE('',(#2142),#2153,.F.);
#2142 = FACE_BOUND('',#2143,.T.);
#2143 = EDGE_LOOP('',(#2144,#2145,#2151,#2152));
#2144 = ORIENTED_EDGE('',*,*,#398,.T.);
#2145 = ORIENTED_EDGE('',*,*,#2146,.T.);
#2146 = EDGE_CURVE('',#399,#1174,#2147,.T.);
#2147 = LINE('',#2148,#2149);
#2148 = CARTESIAN_POINT('',(83.845,-145.052,-4.6E-02));
#2149 = VECTOR('',#2150,1.);
#2150 = DIRECTION('',(0.,0.,1.));
#2151 = ORIENTED_EDGE('',*,*,#1173,.F.);
#2152 = ORIENTED_EDGE('',*,*,#2146,.F.);
#2153 = CYLINDRICAL_SURFACE('',#2154,0.5);
#2154 = AXIS2_PLACEMENT_3D('',#2155,#2156,#2157);
#2155 = CARTESIAN_POINT('',(83.845,-144.552,-4.6E-02));
#2156 = DIRECTION('',(-0.,-0.,-1.));
#2157 = DIRECTION('',(-0.,-1.,0.));
#2158 = ADVANCED_FACE('',(#2159),#2170,.F.);
#2159 = FACE_BOUND('',#2160,.T.);
#2160 = EDGE_LOOP('',(#2161,#2162,#2168,#2169));
#2161 = ORIENTED_EDGE('',*,*,#409,.T.);
#2162 = ORIENTED_EDGE('',*,*,#2163,.T.);
#2163 = EDGE_CURVE('',#410,#1185,#2164,.T.);
#2164 = LINE('',#2165,#2166);
#2165 = CARTESIAN_POINT('',(88.21,-145.2,-4.6E-02));
#2166 = VECTOR('',#2167,1.);
#2167 = DIRECTION('',(0.,0.,1.));
#2168 = ORIENTED_EDGE('',*,*,#1184,.F.);
#2169 = ORIENTED_EDGE('',*,*,#2163,.F.);
#2170 = CYLINDRICAL_SURFACE('',#2171,0.45);
#2171 = AXIS2_PLACEMENT_3D('',#2172,#2173,#2174);
#2172 = CARTESIAN_POINT('',(88.21,-144.75,-4.6E-02));
#2173 = DIRECTION('',(-0.,-0.,-1.));
#2174 = DIRECTION('',(-3.157967714489E-14,-1.,0.));
#2175 = ADVANCED_FACE('',(#2176),#2187,.F.);
#2176 = FACE_BOUND('',#2177,.T.);
#2177 = EDGE_LOOP('',(#2178,#2179,#2185,#2186));
#2178 = ORIENTED_EDGE('',*,*,#420,.T.);
#2179 = ORIENTED_EDGE('',*,*,#2180,.T.);
#2180 = EDGE_CURVE('',#421,#1196,#2181,.T.);
#2181 = LINE('',#2182,#2183);
#2182 = CARTESIAN_POINT('',(89.48,-145.2,-4.6E-02));
#2183 = VECTOR('',#2184,1.);
#2184 = DIRECTION('',(0.,0.,1.));
#2185 = ORIENTED_EDGE('',*,*,#1195,.F.);
#2186 = ORIENTED_EDGE('',*,*,#2180,.F.);
#2187 = CYLINDRICAL_SURFACE('',#2188,0.45);
#2188 = AXIS2_PLACEMENT_3D('',#2189,#2190,#2191);
#2189 = CARTESIAN_POINT('',(89.48,-144.75,-4.6E-02));
#2190 = DIRECTION('',(-0.,-0.,-1.));
#2191 = DIRECTION('',(-0.,-1.,0.));
#2192 = ADVANCED_FACE('',(#2193),#2204,.F.);
#2193 = FACE_BOUND('',#2194,.T.);
#2194 = EDGE_LOOP('',(#2195,#2196,#2202,#2203));
#2195 = ORIENTED_EDGE('',*,*,#431,.T.);
#2196 = ORIENTED_EDGE('',*,*,#2197,.T.);
#2197 = EDGE_CURVE('',#432,#1207,#2198,.T.);
#2198 = LINE('',#2199,#2200);
#2199 = CARTESIAN_POINT('',(90.75,-145.2,-4.6E-02));
#2200 = VECTOR('',#2201,1.);
#2201 = DIRECTION('',(0.,0.,1.));
#2202 = ORIENTED_EDGE('',*,*,#1206,.F.);
#2203 = ORIENTED_EDGE('',*,*,#2197,.F.);
#2204 = CYLINDRICAL_SURFACE('',#2205,0.45);
#2205 = AXIS2_PLACEMENT_3D('',#2206,#2207,#2208);
#2206 = CARTESIAN_POINT('',(90.75,-144.75,-4.6E-02));
#2207 = DIRECTION('',(-0.,-0.,-1.));
#2208 = DIRECTION('',(-0.,-1.,0.));
#2209 = ADVANCED_FACE('',(#2210),#2221,.F.);
#2210 = FACE_BOUND('',#2211,.T.);
#2211 = EDGE_LOOP('',(#2212,#2213,#2219,#2220));
#2212 = ORIENTED_EDGE('',*,*,#442,.T.);
#2213 = ORIENTED_EDGE('',*,*,#2214,.T.);
#2214 = EDGE_CURVE('',#443,#1218,#2215,.T.);
#2215 = LINE('',#2216,#2217);
#2216 = CARTESIAN_POINT('',(92.02,-145.2,-4.6E-02));
#2217 = VECTOR('',#2218,1.);
#2218 = DIRECTION('',(0.,0.,1.));
#2219 = ORIENTED_EDGE('',*,*,#1217,.F.);
#2220 = ORIENTED_EDGE('',*,*,#2214,.F.);
#2221 = CYLINDRICAL_SURFACE('',#2222,0.45);
#2222 = AXIS2_PLACEMENT_3D('',#2223,#2224,#2225);
#2223 = CARTESIAN_POINT('',(92.02,-144.75,-4.6E-02));
#2224 = DIRECTION('',(-0.,-0.,-1.));
#2225 = DIRECTION('',(-0.,-1.,0.));
#2226 = ADVANCED_FACE('',(#2227),#2243,.F.);
#2227 = FACE_BOUND('',#2228,.T.);
#2228 = EDGE_LOOP('',(#2229,#2230,#2236,#2237));
#2229 = ORIENTED_EDGE('',*,*,#453,.T.);
#2230 = ORIENTED_EDGE('',*,*,#2231,.T.);
#2231 = EDGE_CURVE('',#456,#1231,#2232,.T.);
#2232 = LINE('',#2233,#2234);
#2233 = CARTESIAN_POINT('',(79.5,-107.575,-4.6E-02));
#2234 = VECTOR('',#2235,1.);
#2235 = DIRECTION('',(0.,0.,1.));
#2236 = ORIENTED_EDGE('',*,*,#1228,.F.);
#2237 = ORIENTED_EDGE('',*,*,#2238,.F.);
#2238 = EDGE_CURVE('',#454,#1229,#2239,.T.);
#2239 = LINE('',#2240,#2241);
#2240 = CARTESIAN_POINT('',(80.5,-107.575,-4.6E-02));
#2241 = VECTOR('',#2242,1.);
#2242 = DIRECTION('',(0.,0.,1.));
#2243 = CYLINDRICAL_SURFACE('',#2244,0.5);
#2244 = AXIS2_PLACEMENT_3D('',#2245,#2246,#2247);
#2245 = CARTESIAN_POINT('',(80.,-107.575,-4.6E-02));
#2246 = DIRECTION('',(-0.,-0.,-1.));
#2247 = DIRECTION('',(-1.,0.,-0.));
#2248 = ADVANCED_FACE('',(#2249),#2260,.T.);
#2249 = FACE_BOUND('',#2250,.T.);
#2250 = EDGE_LOOP('',(#2251,#2252,#2253,#2254));
#2251 = ORIENTED_EDGE('',*,*,#481,.T.);
#2252 = ORIENTED_EDGE('',*,*,#2238,.T.);
#2253 = ORIENTED_EDGE('',*,*,#1256,.F.);
#2254 = ORIENTED_EDGE('',*,*,#2255,.F.);
#2255 = EDGE_CURVE('',#473,#1248,#2256,.T.);
#2256 = LINE('',#2257,#2258);
#2257 = CARTESIAN_POINT('',(80.5,-106.375,-4.6E-02));
#2258 = VECTOR('',#2259,1.);
#2259 = DIRECTION('',(0.,0.,1.));
#2260 = PLANE('',#2261);
#2261 = AXIS2_PLACEMENT_3D('',#2262,#2263,#2264);
#2262 = CARTESIAN_POINT('',(80.5,-107.575,-4.6E-02));
#2263 = DIRECTION('',(-1.,0.,0.));
#2264 = DIRECTION('',(0.,1.,0.));
#2265 = ADVANCED_FACE('',(#2266),#2277,.F.);
#2266 = FACE_BOUND('',#2267,.T.);
#2267 = EDGE_LOOP('',(#2268,#2269,#2270,#2271));
#2268 = ORIENTED_EDGE('',*,*,#472,.T.);
#2269 = ORIENTED_EDGE('',*,*,#2255,.T.);
#2270 = ORIENTED_EDGE('',*,*,#1247,.F.);
#2271 = ORIENTED_EDGE('',*,*,#2272,.F.);
#2272 = EDGE_CURVE('',#465,#1240,#2273,.T.);
#2273 = LINE('',#2274,#2275);
#2274 = CARTESIAN_POINT('',(79.5,-106.375,-4.6E-02));
#2275 = VECTOR('',#2276,1.);
#2276 = DIRECTION('',(0.,0.,1.));
#2277 = CYLINDRICAL_SURFACE('',#2278,0.5);
#2278 = AXIS2_PLACEMENT_3D('',#2279,#2280,#2281);
#2279 = CARTESIAN_POINT('',(80.,-106.375,-4.6E-02));
#2280 = DIRECTION('',(-0.,-0.,-1.));
#2281 = DIRECTION('',(1.,0.,-0.));
#2282 = ADVANCED_FACE('',(#2283),#2289,.T.);
#2283 = FACE_BOUND('',#2284,.T.);
#2284 = EDGE_LOOP('',(#2285,#2286,#2287,#2288));
#2285 = ORIENTED_EDGE('',*,*,#464,.T.);
#2286 = ORIENTED_EDGE('',*,*,#2272,.T.);
#2287 = ORIENTED_EDGE('',*,*,#1239,.F.);
#2288 = ORIENTED_EDGE('',*,*,#2231,.F.);
#2289 = PLANE('',#2290);
#2290 = AXIS2_PLACEMENT_3D('',#2291,#2292,#2293);
#2291 = CARTESIAN_POINT('',(79.5,-106.375,-4.6E-02));
#2292 = DIRECTION('',(1.,0.,-0.));
#2293 = DIRECTION('',(0.,-1.,0.));
#2294 = ADVANCED_FACE('',(#2295),#2311,.F.);
#2295 = FACE_BOUND('',#2296,.T.);
#2296 = EDGE_LOOP('',(#2297,#2298,#2304,#2305));
#2297 = ORIENTED_EDGE('',*,*,#489,.T.);
#2298 = ORIENTED_EDGE('',*,*,#2299,.T.);
#2299 = EDGE_CURVE('',#492,#1267,#2300,.T.);
#2300 = LINE('',#2301,#2302);
#2301 = CARTESIAN_POINT('',(84.2,-107.575,-4.6E-02));
#2302 = VECTOR('',#2303,1.);
#2303 = DIRECTION('',(0.,0.,1.));
#2304 = ORIENTED_EDGE('',*,*,#1264,.F.);
#2305 = ORIENTED_EDGE('',*,*,#2306,.F.);
#2306 = EDGE_CURVE('',#490,#1265,#2307,.T.);
#2307 = LINE('',#2308,#2309);
#2308 = CARTESIAN_POINT('',(85.2,-107.575,-4.6E-02));
#2309 = VECTOR('',#2310,1.);
#2310 = DIRECTION('',(0.,0.,1.));
#2311 = CYLINDRICAL_SURFACE('',#2312,0.5);
#2312 = AXIS2_PLACEMENT_3D('',#2313,#2314,#2315);
#2313 = CARTESIAN_POINT('',(84.7,-107.575,-4.6E-02));
#2314 = DIRECTION('',(-0.,-0.,-1.));
#2315 = DIRECTION('',(-1.,0.,-0.));
#2316 = ADVANCED_FACE('',(#2317),#2328,.T.);
#2317 = FACE_BOUND('',#2318,.T.);
#2318 = EDGE_LOOP('',(#2319,#2320,#2321,#2322));
#2319 = ORIENTED_EDGE('',*,*,#517,.T.);
#2320 = ORIENTED_EDGE('',*,*,#2306,.T.);
#2321 = ORIENTED_EDGE('',*,*,#1292,.F.);
#2322 = ORIENTED_EDGE('',*,*,#2323,.F.);
#2323 = EDGE_CURVE('',#509,#1284,#2324,.T.);
#2324 = LINE('',#2325,#2326);
#2325 = CARTESIAN_POINT('',(85.2,-106.375,-4.6E-02));
#2326 = VECTOR('',#2327,1.);
#2327 = DIRECTION('',(0.,0.,1.));
#2328 = PLANE('',#2329);
#2329 = AXIS2_PLACEMENT_3D('',#2330,#2331,#2332);
#2330 = CARTESIAN_POINT('',(85.2,-107.575,-4.6E-02));
#2331 = DIRECTION('',(-1.,0.,0.));
#2332 = DIRECTION('',(0.,1.,0.));
#2333 = ADVANCED_FACE('',(#2334),#2345,.F.);
#2334 = FACE_BOUND('',#2335,.T.);
#2335 = EDGE_LOOP('',(#2336,#2337,#2338,#2339));
#2336 = ORIENTED_EDGE('',*,*,#508,.T.);
#2337 = ORIENTED_EDGE('',*,*,#2323,.T.);
#2338 = ORIENTED_EDGE('',*,*,#1283,.F.);
#2339 = ORIENTED_EDGE('',*,*,#2340,.F.);
#2340 = EDGE_CURVE('',#501,#1276,#2341,.T.);
#2341 = LINE('',#2342,#2343);
#2342 = CARTESIAN_POINT('',(84.2,-106.375,-4.6E-02));
#2343 = VECTOR('',#2344,1.);
#2344 = DIRECTION('',(0.,0.,1.));
#2345 = CYLINDRICAL_SURFACE('',#2346,0.5);
#2346 = AXIS2_PLACEMENT_3D('',#2347,#2348,#2349);
#2347 = CARTESIAN_POINT('',(84.7,-106.375,-4.6E-02));
#2348 = DIRECTION('',(-0.,-0.,-1.));
#2349 = DIRECTION('',(1.,0.,-0.));
#2350 = ADVANCED_FACE('',(#2351),#2357,.T.);
#2351 = FACE_BOUND('',#2352,.T.);
#2352 = EDGE_LOOP('',(#2353,#2354,#2355,#2356));
#2353 = ORIENTED_EDGE('',*,*,#500,.T.);
#2354 = ORIENTED_EDGE('',*,*,#2340,.T.);
#2355 = ORIENTED_EDGE('',*,*,#1275,.F.);
#2356 = ORIENTED_EDGE('',*,*,#2299,.F.);
#2357 = PLANE('',#2358);
#2358 = AXIS2_PLACEMENT_3D('',#2359,#2360,#2361);
#2359 = CARTESIAN_POINT('',(84.2,-106.375,-4.6E-02));
#2360 = DIRECTION('',(1.,0.,-0.));
#2361 = DIRECTION('',(0.,-1.,0.));
#2362 = ADVANCED_FACE('',(#2363),#2374,.F.);
#2363 = FACE_BOUND('',#2364,.T.);
#2364 = EDGE_LOOP('',(#2365,#2366,#2372,#2373));
#2365 = ORIENTED_EDGE('',*,*,#525,.T.);
#2366 = ORIENTED_EDGE('',*,*,#2367,.T.);
#2367 = EDGE_CURVE('',#526,#1301,#2368,.T.);
#2368 = LINE('',#2369,#2370);
#2369 = CARTESIAN_POINT('',(56.5,-98.2695,-4.6E-02));
#2370 = VECTOR('',#2371,1.);
#2371 = DIRECTION('',(0.,0.,1.));
#2372 = ORIENTED_EDGE('',*,*,#1300,.F.);
#2373 = ORIENTED_EDGE('',*,*,#2367,.F.);
#2374 = CYLINDRICAL_SURFACE('',#2375,0.4445);
#2375 = AXIS2_PLACEMENT_3D('',#2376,#2377,#2378);
#2376 = CARTESIAN_POINT('',(56.5,-97.825,-4.6E-02));
#2377 = DIRECTION('',(-0.,-0.,-1.));
#2378 = DIRECTION('',(-0.,-1.,0.));
#2379 = ADVANCED_FACE('',(#2380),#2391,.F.);
#2380 = FACE_BOUND('',#2381,.T.);
#2381 = EDGE_LOOP('',(#2382,#2383,#2389,#2390));
#2382 = ORIENTED_EDGE('',*,*,#536,.T.);
#2383 = ORIENTED_EDGE('',*,*,#2384,.T.);
#2384 = EDGE_CURVE('',#537,#1312,#2385,.T.);
#2385 = LINE('',#2386,#2387);
#2386 = CARTESIAN_POINT('',(59.,-98.2695,-4.6E-02));
#2387 = VECTOR('',#2388,1.);
#2388 = DIRECTION('',(0.,0.,1.));
#2389 = ORIENTED_EDGE('',*,*,#1311,.F.);
#2390 = ORIENTED_EDGE('',*,*,#2384,.F.);
#2391 = CYLINDRICAL_SURFACE('',#2392,0.4445);
#2392 = AXIS2_PLACEMENT_3D('',#2393,#2394,#2395);
#2393 = CARTESIAN_POINT('',(59.,-97.825,-4.6E-02));
#2394 = DIRECTION('',(-0.,-0.,-1.));
#2395 = DIRECTION('',(-0.,-1.,0.));
#2396 = ADVANCED_FACE('',(#2397),#2408,.F.);
#2397 = FACE_BOUND('',#2398,.T.);
#2398 = EDGE_LOOP('',(#2399,#2400,#2406,#2407));
#2399 = ORIENTED_EDGE('',*,*,#547,.T.);
#2400 = ORIENTED_EDGE('',*,*,#2401,.T.);
#2401 = EDGE_CURVE('',#548,#1323,#2402,.T.);
#2402 = LINE('',#2403,#2404);
#2403 = CARTESIAN_POINT('',(61.5,-98.2695,-4.6E-02));
#2404 = VECTOR('',#2405,1.);
#2405 = DIRECTION('',(0.,0.,1.));
#2406 = ORIENTED_EDGE('',*,*,#1322,.F.);
#2407 = ORIENTED_EDGE('',*,*,#2401,.F.);
#2408 = CYLINDRICAL_SURFACE('',#2409,0.4445);
#2409 = AXIS2_PLACEMENT_3D('',#2410,#2411,#2412);
#2410 = CARTESIAN_POINT('',(61.5,-97.825,-4.6E-02));
#2411 = DIRECTION('',(-0.,-0.,-1.));
#2412 = DIRECTION('',(-0.,-1.,0.));
#2413 = ADVANCED_FACE('',(#2414),#2425,.F.);
#2414 = FACE_BOUND('',#2415,.T.);
#2415 = EDGE_LOOP('',(#2416,#2417,#2423,#2424));
#2416 = ORIENTED_EDGE('',*,*,#558,.T.);
#2417 = ORIENTED_EDGE('',*,*,#2418,.T.);
#2418 = EDGE_CURVE('',#559,#1334,#2419,.T.);
#2419 = LINE('',#2420,#2421);
#2420 = CARTESIAN_POINT('',(64.,-98.2695,-4.6E-02));
#2421 = VECTOR('',#2422,1.);
#2422 = DIRECTION('',(0.,0.,1.));
#2423 = ORIENTED_EDGE('',*,*,#1333,.F.);
#2424 = ORIENTED_EDGE('',*,*,#2418,.F.);
#2425 = CYLINDRICAL_SURFACE('',#2426,0.4445);
#2426 = AXIS2_PLACEMENT_3D('',#2427,#2428,#2429);
#2427 = CARTESIAN_POINT('',(64.,-97.825,-4.6E-02));
#2428 = DIRECTION('',(-0.,-0.,-1.));
#2429 = DIRECTION('',(-0.,-1.,0.));
#2430 = ADVANCED_FACE('',(#2431),#2442,.F.);
#2431 = FACE_BOUND('',#2432,.T.);
#2432 = EDGE_LOOP('',(#2433,#2434,#2440,#2441));
#2433 = ORIENTED_EDGE('',*,*,#569,.T.);
#2434 = ORIENTED_EDGE('',*,*,#2435,.T.);
#2435 = EDGE_CURVE('',#570,#1345,#2436,.T.);
#2436 = LINE('',#2437,#2438);
#2437 = CARTESIAN_POINT('',(58.5,-93.975,-4.6E-02));
#2438 = VECTOR('',#2439,1.);
#2439 = DIRECTION('',(0.,0.,1.));
#2440 = ORIENTED_EDGE('',*,*,#1344,.F.);
#2441 = ORIENTED_EDGE('',*,*,#2435,.F.);
#2442 = CYLINDRICAL_SURFACE('',#2443,0.5);
#2443 = AXIS2_PLACEMENT_3D('',#2444,#2445,#2446);
#2444 = CARTESIAN_POINT('',(58.5,-93.475,-4.6E-02));
#2445 = DIRECTION('',(-0.,-0.,-1.));
#2446 = DIRECTION('',(-0.,-1.,0.));
#2447 = ADVANCED_FACE('',(#2448),#2459,.F.);
#2448 = FACE_BOUND('',#2449,.T.);
#2449 = EDGE_LOOP('',(#2450,#2451,#2457,#2458));
#2450 = ORIENTED_EDGE('',*,*,#580,.T.);
#2451 = ORIENTED_EDGE('',*,*,#2452,.T.);
#2452 = EDGE_CURVE('',#581,#1356,#2453,.T.);
#2453 = LINE('',#2454,#2455);
#2454 = CARTESIAN_POINT('',(56.2,-86.875,-4.6E-02));
#2455 = VECTOR('',#2456,1.);
#2456 = DIRECTION('',(0.,0.,1.));
#2457 = ORIENTED_EDGE('',*,*,#1355,.F.);
#2458 = ORIENTED_EDGE('',*,*,#2452,.F.);
#2459 = CYLINDRICAL_SURFACE('',#2460,0.9);
#2460 = AXIS2_PLACEMENT_3D('',#2461,#2462,#2463);
#2461 = CARTESIAN_POINT('',(56.2,-85.975,-4.6E-02));
#2462 = DIRECTION('',(-0.,-0.,-1.));
#2463 = DIRECTION('',(-0.,-1.,0.));
#2464 = ADVANCED_FACE('',(#2465),#2476,.F.);
#2465 = FACE_BOUND('',#2466,.T.);
#2466 = EDGE_LOOP('',(#2467,#2468,#2474,#2475));
#2467 = ORIENTED_EDGE('',*,*,#591,.T.);
#2468 = ORIENTED_EDGE('',*,*,#2469,.T.);
#2469 = EDGE_CURVE('',#592,#1367,#2470,.T.);
#2470 = LINE('',#2471,#2472);
#2471 = CARTESIAN_POINT('',(61.,-93.975,-4.6E-02));
#2472 = VECTOR('',#2473,1.);
#2473 = DIRECTION('',(0.,0.,1.));
#2474 = ORIENTED_EDGE('',*,*,#1366,.F.);
#2475 = ORIENTED_EDGE('',*,*,#2469,.F.);
#2476 = CYLINDRICAL_SURFACE('',#2477,0.5);
#2477 = AXIS2_PLACEMENT_3D('',#2478,#2479,#2480);
#2478 = CARTESIAN_POINT('',(61.,-93.475,-4.6E-02));
#2479 = DIRECTION('',(-0.,-0.,-1.));
#2480 = DIRECTION('',(-0.,-1.,0.));
#2481 = ADVANCED_FACE('',(#2482),#2493,.F.);
#2482 = FACE_BOUND('',#2483,.T.);
#2483 = EDGE_LOOP('',(#2484,#2485,#2491,#2492));
#2484 = ORIENTED_EDGE('',*,*,#602,.T.);
#2485 = ORIENTED_EDGE('',*,*,#2486,.T.);
#2486 = EDGE_CURVE('',#603,#1378,#2487,.T.);
#2487 = LINE('',#2488,#2489);
#2488 = CARTESIAN_POINT('',(63.5,-93.975,-4.6E-02));
#2489 = VECTOR('',#2490,1.);
#2490 = DIRECTION('',(0.,0.,1.));
#2491 = ORIENTED_EDGE('',*,*,#1377,.F.);
#2492 = ORIENTED_EDGE('',*,*,#2486,.F.);
#2493 = CYLINDRICAL_SURFACE('',#2494,0.5);
#2494 = AXIS2_PLACEMENT_3D('',#2495,#2496,#2497);
#2495 = CARTESIAN_POINT('',(63.5,-93.475,-4.6E-02));
#2496 = DIRECTION('',(-0.,-0.,-1.));
#2497 = DIRECTION('',(-0.,-1.,0.));
#2498 = ADVANCED_FACE('',(#2499),#2510,.F.);
#2499 = FACE_BOUND('',#2500,.T.);
#2500 = EDGE_LOOP('',(#2501,#2502,#2508,#2509));
#2501 = ORIENTED_EDGE('',*,*,#613,.T.);
#2502 = ORIENTED_EDGE('',*,*,#2503,.T.);
#2503 = EDGE_CURVE('',#614,#1389,#2504,.T.);
#2504 = LINE('',#2505,#2506);
#2505 = CARTESIAN_POINT('',(66.5,-98.2695,-4.6E-02));
#2506 = VECTOR('',#2507,1.);
#2507 = DIRECTION('',(0.,0.,1.));
#2508 = ORIENTED_EDGE('',*,*,#1388,.F.);
#2509 = ORIENTED_EDGE('',*,*,#2503,.F.);
#2510 = CYLINDRICAL_SURFACE('',#2511,0.4445);
#2511 = AXIS2_PLACEMENT_3D('',#2512,#2513,#2514);
#2512 = CARTESIAN_POINT('',(66.5,-97.825,-4.6E-02));
#2513 = DIRECTION('',(-0.,-0.,-1.));
#2514 = DIRECTION('',(-0.,-1.,0.));
#2515 = ADVANCED_FACE('',(#2516),#2527,.F.);
#2516 = FACE_BOUND('',#2517,.T.);
#2517 = EDGE_LOOP('',(#2518,#2519,#2525,#2526));
#2518 = ORIENTED_EDGE('',*,*,#624,.T.);
#2519 = ORIENTED_EDGE('',*,*,#2520,.T.);
#2520 = EDGE_CURVE('',#625,#1400,#2521,.T.);
#2521 = LINE('',#2522,#2523);
#2522 = CARTESIAN_POINT('',(65.8,-86.875,-4.6E-02));
#2523 = VECTOR('',#2524,1.);
#2524 = DIRECTION('',(0.,0.,1.));
#2525 = ORIENTED_EDGE('',*,*,#1399,.F.);
#2526 = ORIENTED_EDGE('',*,*,#2520,.F.);
#2527 = CYLINDRICAL_SURFACE('',#2528,0.9);
#2528 = AXIS2_PLACEMENT_3D('',#2529,#2530,#2531);
#2529 = CARTESIAN_POINT('',(65.8,-85.975,-4.6E-02));
#2530 = DIRECTION('',(-0.,-0.,-1.));
#2531 = DIRECTION('',(-1.578983857245E-14,-1.,0.));
#2532 = ADVANCED_FACE('',(#2533),#2544,.F.);
#2533 = FACE_BOUND('',#2534,.T.);
#2534 = EDGE_LOOP('',(#2535,#2536,#2542,#2543));
#2535 = ORIENTED_EDGE('',*,*,#635,.T.);
#2536 = ORIENTED_EDGE('',*,*,#2537,.T.);
#2537 = EDGE_CURVE('',#636,#1411,#2538,.T.);
#2538 = LINE('',#2539,#2540);
#2539 = CARTESIAN_POINT('',(77.5,-93.975,-4.6E-02));
#2540 = VECTOR('',#2541,1.);
#2541 = DIRECTION('',(0.,0.,1.));
#2542 = ORIENTED_EDGE('',*,*,#1410,.F.);
#2543 = ORIENTED_EDGE('',*,*,#2537,.F.);
#2544 = CYLINDRICAL_SURFACE('',#2545,0.5);
#2545 = AXIS2_PLACEMENT_3D('',#2546,#2547,#2548);
#2546 = CARTESIAN_POINT('',(77.5,-93.475,-4.6E-02));
#2547 = DIRECTION('',(-0.,-0.,-1.));
#2548 = DIRECTION('',(-0.,-1.,0.));
#2549 = ADVANCED_FACE('',(#2550),#2561,.F.);
#2550 = FACE_BOUND('',#2551,.T.);
#2551 = EDGE_LOOP('',(#2552,#2553,#2559,#2560));
#2552 = ORIENTED_EDGE('',*,*,#646,.T.);
#2553 = ORIENTED_EDGE('',*,*,#2554,.T.);
#2554 = EDGE_CURVE('',#647,#1422,#2555,.T.);
#2555 = LINE('',#2556,#2557);
#2556 = CARTESIAN_POINT('',(75.2,-86.875,-4.6E-02));
#2557 = VECTOR('',#2558,1.);
#2558 = DIRECTION('',(0.,0.,1.));
#2559 = ORIENTED_EDGE('',*,*,#1421,.F.);
#2560 = ORIENTED_EDGE('',*,*,#2554,.F.);
#2561 = CYLINDRICAL_SURFACE('',#2562,0.9);
#2562 = AXIS2_PLACEMENT_3D('',#2563,#2564,#2565);
#2563 = CARTESIAN_POINT('',(75.2,-85.975,-4.6E-02));
#2564 = DIRECTION('',(-0.,0.,-1.));
#2565 = DIRECTION('',(1.578983857245E-14,-1.,-0.));
#2566 = ADVANCED_FACE('',(#2567),#2578,.F.);
#2567 = FACE_BOUND('',#2568,.T.);
#2568 = EDGE_LOOP('',(#2569,#2570,#2576,#2577));
#2569 = ORIENTED_EDGE('',*,*,#657,.T.);
#2570 = ORIENTED_EDGE('',*,*,#2571,.T.);
#2571 = EDGE_CURVE('',#658,#1433,#2572,.T.);
#2572 = LINE('',#2573,#2574);
#2573 = CARTESIAN_POINT('',(58.5,-72.975,-4.6E-02));
#2574 = VECTOR('',#2575,1.);
#2575 = DIRECTION('',(0.,0.,1.));
#2576 = ORIENTED_EDGE('',*,*,#1432,.F.);
#2577 = ORIENTED_EDGE('',*,*,#2571,.F.);
#2578 = CYLINDRICAL_SURFACE('',#2579,0.5);
#2579 = AXIS2_PLACEMENT_3D('',#2580,#2581,#2582);
#2580 = CARTESIAN_POINT('',(58.5,-72.475,-4.6E-02));
#2581 = DIRECTION('',(-0.,-0.,-1.));
#2582 = DIRECTION('',(-0.,-1.,0.));
#2583 = ADVANCED_FACE('',(#2584),#2595,.F.);
#2584 = FACE_BOUND('',#2585,.T.);
#2585 = EDGE_LOOP('',(#2586,#2587,#2593,#2594));
#2586 = ORIENTED_EDGE('',*,*,#668,.T.);
#2587 = ORIENTED_EDGE('',*,*,#2588,.T.);
#2588 = EDGE_CURVE('',#669,#1444,#2589,.T.);
#2589 = LINE('',#2590,#2591);
#2590 = CARTESIAN_POINT('',(56.2,-65.875,-4.6E-02));
#2591 = VECTOR('',#2592,1.);
#2592 = DIRECTION('',(0.,0.,1.));
#2593 = ORIENTED_EDGE('',*,*,#1443,.F.);
#2594 = ORIENTED_EDGE('',*,*,#2588,.F.);
#2595 = CYLINDRICAL_SURFACE('',#2596,0.9);
#2596 = AXIS2_PLACEMENT_3D('',#2597,#2598,#2599);
#2597 = CARTESIAN_POINT('',(56.2,-64.975,-4.6E-02));
#2598 = DIRECTION('',(-0.,-0.,-1.));
#2599 = DIRECTION('',(-0.,-1.,0.));
#2600 = ADVANCED_FACE('',(#2601),#2612,.F.);
#2601 = FACE_BOUND('',#2602,.T.);
#2602 = EDGE_LOOP('',(#2603,#2604,#2610,#2611));
#2603 = ORIENTED_EDGE('',*,*,#679,.T.);
#2604 = ORIENTED_EDGE('',*,*,#2605,.T.);
#2605 = EDGE_CURVE('',#680,#1455,#2606,.T.);
#2606 = LINE('',#2607,#2608);
#2607 = CARTESIAN_POINT('',(61.,-72.975,-4.6E-02));
#2608 = VECTOR('',#2609,1.);
#2609 = DIRECTION('',(0.,0.,1.));
#2610 = ORIENTED_EDGE('',*,*,#1454,.F.);
#2611 = ORIENTED_EDGE('',*,*,#2605,.F.);
#2612 = CYLINDRICAL_SURFACE('',#2613,0.5);
#2613 = AXIS2_PLACEMENT_3D('',#2614,#2615,#2616);
#2614 = CARTESIAN_POINT('',(61.,-72.475,-4.6E-02));
#2615 = DIRECTION('',(-0.,-0.,-1.));
#2616 = DIRECTION('',(-0.,-1.,0.));
#2617 = ADVANCED_FACE('',(#2618),#2629,.F.);
#2618 = FACE_BOUND('',#2619,.T.);
#2619 = EDGE_LOOP('',(#2620,#2621,#2627,#2628));
#2620 = ORIENTED_EDGE('',*,*,#690,.T.);
#2621 = ORIENTED_EDGE('',*,*,#2622,.T.);
#2622 = EDGE_CURVE('',#691,#1466,#2623,.T.);
#2623 = LINE('',#2624,#2625);
#2624 = CARTESIAN_POINT('',(63.5,-72.975,-4.6E-02));
#2625 = VECTOR('',#2626,1.);
#2626 = DIRECTION('',(0.,0.,1.));
#2627 = ORIENTED_EDGE('',*,*,#1465,.F.);
#2628 = ORIENTED_EDGE('',*,*,#2622,.F.);
#2629 = CYLINDRICAL_SURFACE('',#2630,0.5);
#2630 = AXIS2_PLACEMENT_3D('',#2631,#2632,#2633);
#2631 = CARTESIAN_POINT('',(63.5,-72.475,-4.6E-02));
#2632 = DIRECTION('',(-0.,-0.,-1.));
#2633 = DIRECTION('',(-0.,-1.,0.));
#2634 = ADVANCED_FACE('',(#2635),#2646,.F.);
#2635 = FACE_BOUND('',#2636,.T.);
#2636 = EDGE_LOOP('',(#2637,#2638,#2644,#2645));
#2637 = ORIENTED_EDGE('',*,*,#701,.T.);
#2638 = ORIENTED_EDGE('',*,*,#2639,.T.);
#2639 = EDGE_CURVE('',#702,#1477,#2640,.T.);
#2640 = LINE('',#2641,#2642);
#2641 = CARTESIAN_POINT('',(65.8,-65.875,-4.6E-02));
#2642 = VECTOR('',#2643,1.);
#2643 = DIRECTION('',(0.,0.,1.));
#2644 = ORIENTED_EDGE('',*,*,#1476,.F.);
#2645 = ORIENTED_EDGE('',*,*,#2639,.F.);
#2646 = CYLINDRICAL_SURFACE('',#2647,0.9);
#2647 = AXIS2_PLACEMENT_3D('',#2648,#2649,#2650);
#2648 = CARTESIAN_POINT('',(65.8,-64.975,-4.6E-02));
#2649 = DIRECTION('',(-0.,-0.,-1.));
#2650 = DIRECTION('',(-1.578983857245E-14,-1.,0.));
#2651 = ADVANCED_FACE('',(#2652),#2663,.F.);
#2652 = FACE_BOUND('',#2653,.T.);
#2653 = EDGE_LOOP('',(#2654,#2655,#2661,#2662));
#2654 = ORIENTED_EDGE('',*,*,#712,.T.);
#2655 = ORIENTED_EDGE('',*,*,#2656,.T.);
#2656 = EDGE_CURVE('',#713,#1488,#2657,.T.);
#2657 = LINE('',#2658,#2659);
#2658 = CARTESIAN_POINT('',(77.5,-72.975,-4.6E-02));
#2659 = VECTOR('',#2660,1.);
#2660 = DIRECTION('',(0.,0.,1.));
#2661 = ORIENTED_EDGE('',*,*,#1487,.F.);
#2662 = ORIENTED_EDGE('',*,*,#2656,.F.);
#2663 = CYLINDRICAL_SURFACE('',#2664,0.5);
#2664 = AXIS2_PLACEMENT_3D('',#2665,#2666,#2667);
#2665 = CARTESIAN_POINT('',(77.5,-72.475,-4.6E-02));
#2666 = DIRECTION('',(-0.,-0.,-1.));
#2667 = DIRECTION('',(-0.,-1.,0.));
#2668 = ADVANCED_FACE('',(#2669),#2680,.F.);
#2669 = FACE_BOUND('',#2670,.T.);
#2670 = EDGE_LOOP('',(#2671,#2672,#2678,#2679));
#2671 = ORIENTED_EDGE('',*,*,#723,.T.);
#2672 = ORIENTED_EDGE('',*,*,#2673,.T.);
#2673 = EDGE_CURVE('',#724,#1499,#2674,.T.);
#2674 = LINE('',#2675,#2676);
#2675 = CARTESIAN_POINT('',(75.2,-65.875,-4.6E-02));
#2676 = VECTOR('',#2677,1.);
#2677 = DIRECTION('',(0.,0.,1.));
#2678 = ORIENTED_EDGE('',*,*,#1498,.F.);
#2679 = ORIENTED_EDGE('',*,*,#2673,.F.);
#2680 = CYLINDRICAL_SURFACE('',#2681,0.9);
#2681 = AXIS2_PLACEMENT_3D('',#2682,#2683,#2684);
#2682 = CARTESIAN_POINT('',(75.2,-64.975,-4.6E-02));
#2683 = DIRECTION('',(-0.,0.,-1.));
#2684 = DIRECTION('',(1.578983857245E-14,-1.,-0.));
#2685 = ADVANCED_FACE('',(#2686),#2697,.F.);
#2686 = FACE_BOUND('',#2687,.T.);
#2687 = EDGE_LOOP('',(#2688,#2689,#2695,#2696));
#2688 = ORIENTED_EDGE('',*,*,#734,.T.);
#2689 = ORIENTED_EDGE('',*,*,#2690,.T.);
#2690 = EDGE_CURVE('',#735,#1510,#2691,.T.);
#2691 = LINE('',#2692,#2693);
#2692 = CARTESIAN_POINT('',(80.,-93.975,-4.6E-02));
#2693 = VECTOR('',#2694,1.);
#2694 = DIRECTION('',(0.,0.,1.));
#2695 = ORIENTED_EDGE('',*,*,#1509,.F.);
#2696 = ORIENTED_EDGE('',*,*,#2690,.F.);
#2697 = CYLINDRICAL_SURFACE('',#2698,0.5);
#2698 = AXIS2_PLACEMENT_3D('',#2699,#2700,#2701);
#2699 = CARTESIAN_POINT('',(80.,-93.475,-4.6E-02));
#2700 = DIRECTION('',(-0.,-0.,-1.));
#2701 = DIRECTION('',(-0.,-1.,0.));
#2702 = ADVANCED_FACE('',(#2703),#2714,.F.);
#2703 = FACE_BOUND('',#2704,.T.);
#2704 = EDGE_LOOP('',(#2705,#2706,#2712,#2713));
#2705 = ORIENTED_EDGE('',*,*,#745,.T.);
#2706 = ORIENTED_EDGE('',*,*,#2707,.T.);
#2707 = EDGE_CURVE('',#746,#1521,#2708,.T.);
#2708 = LINE('',#2709,#2710);
#2709 = CARTESIAN_POINT('',(82.5,-93.975,-4.6E-02));
#2710 = VECTOR('',#2711,1.);
#2711 = DIRECTION('',(0.,0.,1.));
#2712 = ORIENTED_EDGE('',*,*,#1520,.F.);
#2713 = ORIENTED_EDGE('',*,*,#2707,.F.);
#2714 = CYLINDRICAL_SURFACE('',#2715,0.5);
#2715 = AXIS2_PLACEMENT_3D('',#2716,#2717,#2718);
#2716 = CARTESIAN_POINT('',(82.5,-93.475,-4.6E-02));
#2717 = DIRECTION('',(-0.,-0.,-1.));
#2718 = DIRECTION('',(-0.,-1.,0.));
#2719 = ADVANCED_FACE('',(#2720),#2731,.F.);
#2720 = FACE_BOUND('',#2721,.T.);
#2721 = EDGE_LOOP('',(#2722,#2723,#2729,#2730));
#2722 = ORIENTED_EDGE('',*,*,#756,.T.);
#2723 = ORIENTED_EDGE('',*,*,#2724,.T.);
#2724 = EDGE_CURVE('',#757,#1532,#2725,.T.);
#2725 = LINE('',#2726,#2727);
#2726 = CARTESIAN_POINT('',(84.8,-86.875,-4.6E-02));
#2727 = VECTOR('',#2728,1.);
#2728 = DIRECTION('',(0.,0.,1.));
#2729 = ORIENTED_EDGE('',*,*,#1531,.F.);
#2730 = ORIENTED_EDGE('',*,*,#2724,.F.);
#2731 = CYLINDRICAL_SURFACE('',#2732,0.9);
#2732 = AXIS2_PLACEMENT_3D('',#2733,#2734,#2735);
#2733 = CARTESIAN_POINT('',(84.8,-85.975,-4.6E-02));
#2734 = DIRECTION('',(-0.,-0.,-1.));
#2735 = DIRECTION('',(-1.578983857245E-14,-1.,0.));
#2736 = ADVANCED_FACE('',(#2737),#2748,.F.);
#2737 = FACE_BOUND('',#2738,.T.);
#2738 = EDGE_LOOP('',(#2739,#2740,#2746,#2747));
#2739 = ORIENTED_EDGE('',*,*,#767,.T.);
#2740 = ORIENTED_EDGE('',*,*,#2741,.T.);
#2741 = EDGE_CURVE('',#768,#1543,#2742,.T.);
#2742 = LINE('',#2743,#2744);
#2743 = CARTESIAN_POINT('',(96.5,-93.975,-4.6E-02));
#2744 = VECTOR('',#2745,1.);
#2745 = DIRECTION('',(0.,0.,1.));
#2746 = ORIENTED_EDGE('',*,*,#1542,.F.);
#2747 = ORIENTED_EDGE('',*,*,#2741,.F.);
#2748 = CYLINDRICAL_SURFACE('',#2749,0.5);
#2749 = AXIS2_PLACEMENT_3D('',#2750,#2751,#2752);
#2750 = CARTESIAN_POINT('',(96.5,-93.475,-4.6E-02));
#2751 = DIRECTION('',(-0.,-0.,-1.));
#2752 = DIRECTION('',(-0.,-1.,0.));
#2753 = ADVANCED_FACE('',(#2754),#2765,.F.);
#2754 = FACE_BOUND('',#2755,.T.);
#2755 = EDGE_LOOP('',(#2756,#2757,#2763,#2764));
#2756 = ORIENTED_EDGE('',*,*,#778,.T.);
#2757 = ORIENTED_EDGE('',*,*,#2758,.T.);
#2758 = EDGE_CURVE('',#779,#1554,#2759,.T.);
#2759 = LINE('',#2760,#2761);
#2760 = CARTESIAN_POINT('',(94.2,-86.875,-4.6E-02));
#2761 = VECTOR('',#2762,1.);
#2762 = DIRECTION('',(0.,0.,1.));
#2763 = ORIENTED_EDGE('',*,*,#1553,.F.);
#2764 = ORIENTED_EDGE('',*,*,#2758,.F.);
#2765 = CYLINDRICAL_SURFACE('',#2766,0.9);
#2766 = AXIS2_PLACEMENT_3D('',#2767,#2768,#2769);
#2767 = CARTESIAN_POINT('',(94.2,-85.975,-4.6E-02));
#2768 = DIRECTION('',(-0.,0.,-1.));
#2769 = DIRECTION('',(1.578983857245E-14,-1.,-0.));
#2770 = ADVANCED_FACE('',(#2771),#2782,.F.);
#2771 = FACE_BOUND('',#2772,.T.);
#2772 = EDGE_LOOP('',(#2773,#2774,#2780,#2781));
#2773 = ORIENTED_EDGE('',*,*,#789,.T.);
#2774 = ORIENTED_EDGE('',*,*,#2775,.T.);
#2775 = EDGE_CURVE('',#790,#1565,#2776,.T.);
#2776 = LINE('',#2777,#2778);
#2777 = CARTESIAN_POINT('',(99.,-93.975,-4.6E-02));
#2778 = VECTOR('',#2779,1.);
#2779 = DIRECTION('',(0.,0.,1.));
#2780 = ORIENTED_EDGE('',*,*,#1564,.F.);
#2781 = ORIENTED_EDGE('',*,*,#2775,.F.);
#2782 = CYLINDRICAL_SURFACE('',#2783,0.5);
#2783 = AXIS2_PLACEMENT_3D('',#2784,#2785,#2786);
#2784 = CARTESIAN_POINT('',(99.,-93.475,-4.6E-02));
#2785 = DIRECTION('',(-0.,-0.,-1.));
#2786 = DIRECTION('',(-0.,-1.,0.));
#2787 = ADVANCED_FACE('',(#2788),#2799,.F.);
#2788 = FACE_BOUND('',#2789,.T.);
#2789 = EDGE_LOOP('',(#2790,#2791,#2797,#2798));
#2790 = ORIENTED_EDGE('',*,*,#800,.T.);
#2791 = ORIENTED_EDGE('',*,*,#2792,.T.);
#2792 = EDGE_CURVE('',#801,#1576,#2793,.T.);
#2793 = LINE('',#2794,#2795);
#2794 = CARTESIAN_POINT('',(101.5,-93.975,-4.6E-02));
#2795 = VECTOR('',#2796,1.);
#2796 = DIRECTION('',(0.,0.,1.));
#2797 = ORIENTED_EDGE('',*,*,#1575,.F.);
#2798 = ORIENTED_EDGE('',*,*,#2792,.F.);
#2799 = CYLINDRICAL_SURFACE('',#2800,0.5);
#2800 = AXIS2_PLACEMENT_3D('',#2801,#2802,#2803);
#2801 = CARTESIAN_POINT('',(101.5,-93.475,-4.6E-02));
#2802 = DIRECTION('',(-0.,-0.,-1.));
#2803 = DIRECTION('',(-0.,-1.,0.));
#2804 = ADVANCED_FACE('',(#2805),#2816,.F.);
#2805 = FACE_BOUND('',#2806,.T.);
#2806 = EDGE_LOOP('',(#2807,#2808,#2814,#2815));
#2807 = ORIENTED_EDGE('',*,*,#811,.T.);
#2808 = ORIENTED_EDGE('',*,*,#2809,.T.);
#2809 = EDGE_CURVE('',#812,#1587,#2810,.T.);
#2810 = LINE('',#2811,#2812);
#2811 = CARTESIAN_POINT('',(103.8,-86.875,-4.6E-02));
#2812 = VECTOR('',#2813,1.);
#2813 = DIRECTION('',(0.,0.,1.));
#2814 = ORIENTED_EDGE('',*,*,#1586,.F.);
#2815 = ORIENTED_EDGE('',*,*,#2809,.F.);
#2816 = CYLINDRICAL_SURFACE('',#2817,0.9);
#2817 = AXIS2_PLACEMENT_3D('',#2818,#2819,#2820);
#2818 = CARTESIAN_POINT('',(103.8,-85.975,-4.6E-02));
#2819 = DIRECTION('',(-0.,-0.,-1.));
#2820 = DIRECTION('',(-1.578983857245E-14,-1.,0.));
#2821 = ADVANCED_FACE('',(#2822),#2833,.F.);
#2822 = FACE_BOUND('',#2823,.T.);
#2823 = EDGE_LOOP('',(#2824,#2825,#2831,#2832));
#2824 = ORIENTED_EDGE('',*,*,#822,.T.);
#2825 = ORIENTED_EDGE('',*,*,#2826,.T.);
#2826 = EDGE_CURVE('',#823,#1598,#2827,.T.);
#2827 = LINE('',#2828,#2829);
#2828 = CARTESIAN_POINT('',(80.,-72.975,-4.6E-02));
#2829 = VECTOR('',#2830,1.);
#2830 = DIRECTION('',(0.,0.,1.));
#2831 = ORIENTED_EDGE('',*,*,#1597,.F.);
#2832 = ORIENTED_EDGE('',*,*,#2826,.F.);
#2833 = CYLINDRICAL_SURFACE('',#2834,0.5);
#2834 = AXIS2_PLACEMENT_3D('',#2835,#2836,#2837);
#2835 = CARTESIAN_POINT('',(80.,-72.475,-4.6E-02));
#2836 = DIRECTION('',(-0.,-0.,-1.));
#2837 = DIRECTION('',(-0.,-1.,0.));
#2838 = ADVANCED_FACE('',(#2839),#2850,.F.);
#2839 = FACE_BOUND('',#2840,.T.);
#2840 = EDGE_LOOP('',(#2841,#2842,#2848,#2849));
#2841 = ORIENTED_EDGE('',*,*,#833,.T.);
#2842 = ORIENTED_EDGE('',*,*,#2843,.T.);
#2843 = EDGE_CURVE('',#834,#1609,#2844,.T.);
#2844 = LINE('',#2845,#2846);
#2845 = CARTESIAN_POINT('',(82.5,-72.975,-4.6E-02));
#2846 = VECTOR('',#2847,1.);
#2847 = DIRECTION('',(0.,0.,1.));
#2848 = ORIENTED_EDGE('',*,*,#1608,.F.);
#2849 = ORIENTED_EDGE('',*,*,#2843,.F.);
#2850 = CYLINDRICAL_SURFACE('',#2851,0.5);
#2851 = AXIS2_PLACEMENT_3D('',#2852,#2853,#2854);
#2852 = CARTESIAN_POINT('',(82.5,-72.475,-4.6E-02));
#2853 = DIRECTION('',(-0.,-0.,-1.));
#2854 = DIRECTION('',(-0.,-1.,0.));
#2855 = ADVANCED_FACE('',(#2856),#2867,.F.);
#2856 = FACE_BOUND('',#2857,.T.);
#2857 = EDGE_LOOP('',(#2858,#2859,#2865,#2866));
#2858 = ORIENTED_EDGE('',*,*,#844,.T.);
#2859 = ORIENTED_EDGE('',*,*,#2860,.T.);
#2860 = EDGE_CURVE('',#845,#1620,#2861,.T.);
#2861 = LINE('',#2862,#2863);
#2862 = CARTESIAN_POINT('',(84.8,-65.875,-4.6E-02));
#2863 = VECTOR('',#2864,1.);
#2864 = DIRECTION('',(0.,0.,1.));
#2865 = ORIENTED_EDGE('',*,*,#1619,.F.);
#2866 = ORIENTED_EDGE('',*,*,#2860,.F.);
#2867 = CYLINDRICAL_SURFACE('',#2868,0.9);
#2868 = AXIS2_PLACEMENT_3D('',#2869,#2870,#2871);
#2869 = CARTESIAN_POINT('',(84.8,-64.975,-4.6E-02));
#2870 = DIRECTION('',(-0.,-0.,-1.));
#2871 = DIRECTION('',(-1.578983857245E-14,-1.,0.));
#2872 = ADVANCED_FACE('',(#2873),#2884,.F.);
#2873 = FACE_BOUND('',#2874,.T.);
#2874 = EDGE_LOOP('',(#2875,#2876,#2882,#2883));
#2875 = ORIENTED_EDGE('',*,*,#855,.T.);
#2876 = ORIENTED_EDGE('',*,*,#2877,.T.);
#2877 = EDGE_CURVE('',#856,#1631,#2878,.T.);
#2878 = LINE('',#2879,#2880);
#2879 = CARTESIAN_POINT('',(96.5,-72.975,-4.6E-02));
#2880 = VECTOR('',#2881,1.);
#2881 = DIRECTION('',(0.,0.,1.));
#2882 = ORIENTED_EDGE('',*,*,#1630,.F.);
#2883 = ORIENTED_EDGE('',*,*,#2877,.F.);
#2884 = CYLINDRICAL_SURFACE('',#2885,0.5);
#2885 = AXIS2_PLACEMENT_3D('',#2886,#2887,#2888);
#2886 = CARTESIAN_POINT('',(96.5,-72.475,-4.6E-02));
#2887 = DIRECTION('',(-0.,-0.,-1.));
#2888 = DIRECTION('',(-0.,-1.,0.));
#2889 = ADVANCED_FACE('',(#2890),#2901,.F.);
#2890 = FACE_BOUND('',#2891,.T.);
#2891 = EDGE_LOOP('',(#2892,#2893,#2899,#2900));
#2892 = ORIENTED_EDGE('',*,*,#866,.T.);
#2893 = ORIENTED_EDGE('',*,*,#2894,.T.);
#2894 = EDGE_CURVE('',#867,#1642,#2895,.T.);
#2895 = LINE('',#2896,#2897);
#2896 = CARTESIAN_POINT('',(94.2,-65.875,-4.6E-02));
#2897 = VECTOR('',#2898,1.);
#2898 = DIRECTION('',(0.,0.,1.));
#2899 = ORIENTED_EDGE('',*,*,#1641,.F.);
#2900 = ORIENTED_EDGE('',*,*,#2894,.F.);
#2901 = CYLINDRICAL_SURFACE('',#2902,0.9);
#2902 = AXIS2_PLACEMENT_3D('',#2903,#2904,#2905);
#2903 = CARTESIAN_POINT('',(94.2,-64.975,-4.6E-02));
#2904 = DIRECTION('',(-0.,0.,-1.));
#2905 = DIRECTION('',(1.578983857245E-14,-1.,-0.));
#2906 = ADVANCED_FACE('',(#2907),#2918,.F.);
#2907 = FACE_BOUND('',#2908,.T.);
#2908 = EDGE_LOOP('',(#2909,#2910,#2916,#2917));
#2909 = ORIENTED_EDGE('',*,*,#877,.T.);
#2910 = ORIENTED_EDGE('',*,*,#2911,.T.);
#2911 = EDGE_CURVE('',#878,#1653,#2912,.T.);
#2912 = LINE('',#2913,#2914);
#2913 = CARTESIAN_POINT('',(99.,-72.975,-4.6E-02));
#2914 = VECTOR('',#2915,1.);
#2915 = DIRECTION('',(0.,0.,1.));
#2916 = ORIENTED_EDGE('',*,*,#1652,.F.);
#2917 = ORIENTED_EDGE('',*,*,#2911,.F.);
#2918 = CYLINDRICAL_SURFACE('',#2919,0.5);
#2919 = AXIS2_PLACEMENT_3D('',#2920,#2921,#2922);
#2920 = CARTESIAN_POINT('',(99.,-72.475,-4.6E-02));
#2921 = DIRECTION('',(-0.,-0.,-1.));
#2922 = DIRECTION('',(-0.,-1.,0.));
#2923 = ADVANCED_FACE('',(#2924),#2935,.F.);
#2924 = FACE_BOUND('',#2925,.T.);
#2925 = EDGE_LOOP('',(#2926,#2927,#2933,#2934));
#2926 = ORIENTED_EDGE('',*,*,#888,.T.);
#2927 = ORIENTED_EDGE('',*,*,#2928,.T.);
#2928 = EDGE_CURVE('',#889,#1664,#2929,.T.);
#2929 = LINE('',#2930,#2931);
#2930 = CARTESIAN_POINT('',(101.5,-72.975,-4.6E-02));
#2931 = VECTOR('',#2932,1.);
#2932 = DIRECTION('',(0.,0.,1.));
#2933 = ORIENTED_EDGE('',*,*,#1663,.F.);
#2934 = ORIENTED_EDGE('',*,*,#2928,.F.);
#2935 = CYLINDRICAL_SURFACE('',#2936,0.5);
#2936 = AXIS2_PLACEMENT_3D('',#2937,#2938,#2939);
#2937 = CARTESIAN_POINT('',(101.5,-72.475,-4.6E-02));
#2938 = DIRECTION('',(-0.,-0.,-1.));
#2939 = DIRECTION('',(-0.,-1.,0.));
#2940 = ADVANCED_FACE('',(#2941),#2952,.F.);
#2941 = FACE_BOUND('',#2942,.T.);
#2942 = EDGE_LOOP('',(#2943,#2944,#2950,#2951));
#2943 = ORIENTED_EDGE('',*,*,#899,.T.);
#2944 = ORIENTED_EDGE('',*,*,#2945,.T.);
#2945 = EDGE_CURVE('',#900,#1675,#2946,.T.);
#2946 = LINE('',#2947,#2948);
#2947 = CARTESIAN_POINT('',(103.8,-65.875,-4.6E-02));
#2948 = VECTOR('',#2949,1.);
#2949 = DIRECTION('',(0.,0.,1.));
#2950 = ORIENTED_EDGE('',*,*,#1674,.F.);
#2951 = ORIENTED_EDGE('',*,*,#2945,.F.);
#2952 = CYLINDRICAL_SURFACE('',#2953,0.9);
#2953 = AXIS2_PLACEMENT_3D('',#2954,#2955,#2956);
#2954 = CARTESIAN_POINT('',(103.8,-64.975,-4.6E-02));
#2955 = DIRECTION('',(-0.,-0.,-1.));
#2956 = DIRECTION('',(-1.578983857245E-14,-1.,0.));
#2957 = ( GEOMETRIC_REPRESENTATION_CONTEXT(3) 
GLOBAL_UNCERTAINTY_ASSIGNED_CONTEXT((#2961)) 
GLOBAL_UNIT_ASSIGNED_CONTEXT((#2958,#2959,#2960)) REPRESENTATION_CONTEXT
('Context #1','3D Context with UNIT and UNCERTAINTY') );
#2958 = ( LENGTH_UNIT() NAMED_UNIT(*) SI_UNIT(.MILLI.,.METRE.) );
#2959 = ( NAMED_UNIT(*) PLANE_ANGLE_UNIT() SI_UNIT($,.RADIAN.) );
#2960 = ( NAMED_UNIT(*) SI_UNIT($,.STERADIAN.) SOLID_ANGLE_UNIT() );
#2961 = UNCERTAINTY_MEASURE_WITH_UNIT(LENGTH_MEASURE(1.E-07),#2958,
  'distance_accuracy_value','confusion accuracy');
#2962 = CONTEXT_DEPENDENT_SHAPE_REPRESENTATION(#2963,#2965);
#2963 = ( REPRESENTATION_RELATIONSHIP('','',#32,#10) 
REPRESENTATION_RELATIONSHIP_WITH_TRANSFORMATION(#2964) 
SHAPE_REPRESENTATION_RELATIONSHIP() );
#2964 = ITEM_DEFINED_TRANSFORMATION('','',#11,#15);
#2965 = PRODUCT_DEFINITION_SHAPE('Placement','Placement of an item',
  #2966);
#2966 = NEXT_ASSEMBLY_USAGE_OCCURRENCE('1','=>[0:1:1:2]','',#5,#27,$);
#2967 = PRODUCT_RELATED_PRODUCT_CATEGORY('part',$,(#29));
#2968 = MECHANICAL_DESIGN_GEOMETRIC_PRESENTATION_REPRESENTATION('',(
    #2969),#2957);
#2969 = STYLED_ITEM('color',(#2970),#33);
#2970 = PRESENTATION_STYLE_ASSIGNMENT((#2971));
#2971 = SURFACE_STYLE_USAGE(.BOTH.,#2972);
#2972 = SURFACE_SIDE_STYLE('',(#2973));
#2973 = SURFACE_STYLE_FILL_AREA(#2974);
#2974 = FILL_AREA_STYLE('',(#2975));
#2975 = FILL_AREA_STYLE_COLOUR('',#2976);
#2976 = COLOUR_RGB('',0.313304153717,0.484529207832,0.410020903123);
ENDSEC;
END-ISO-10303-21;
